-- phpMyAdmin SQL Dump
-- version 5.0.4
-- https://www.phpmyadmin.net/
--
-- Servidor: 127.0.0.1
-- Tiempo de generación: 17-09-2021 a las 22:34:27
-- Versión del servidor: 10.4.17-MariaDB
-- Versión de PHP: 8.0.0

SET SQL_MODE = "NO_AUTO_VALUE_ON_ZERO";
START TRANSACTION;
SET time_zone = "+00:00";


/*!40101 SET @OLD_CHARACTER_SET_CLIENT=@@CHARACTER_SET_CLIENT */;
/*!40101 SET @OLD_CHARACTER_SET_RESULTS=@@CHARACTER_SET_RESULTS */;
/*!40101 SET @OLD_COLLATION_CONNECTION=@@COLLATION_CONNECTION */;
/*!40101 SET NAMES utf8mb4 */;

--
-- Base de datos: `audit`
--

-- --------------------------------------------------------

--
-- Estructura de tabla para la tabla `aud_actividad`
--

CREATE TABLE `aud_actividad` (
  `ID_ACTIVIDAD` int(11) NOT NULL,
  `MES_CIERRE` int(11) NOT NULL,
  `ACTIVIDAD` varchar(250) COLLATE utf8_spanish2_ci DEFAULT NULL,
  `CODIGO` varchar(50) COLLATE utf8_spanish2_ci DEFAULT NULL,
  `ACTIVIDAD_ECONOMICA` varchar(500) COLLATE utf8_spanish2_ci DEFAULT NULL,
  `CODIGO_SIN` varchar(50) COLLATE utf8_spanish2_ci DEFAULT NULL,
  `CODIGO_SISTEMA` varchar(50) COLLATE utf8_spanish2_ci DEFAULT NULL,
  `USER_REG` varchar(350) COLLATE utf8_spanish2_ci DEFAULT NULL,
  `FECHA_REG` timestamp NOT NULL DEFAULT current_timestamp(),
  `USER_MOD` varchar(350) COLLATE utf8_spanish2_ci DEFAULT NULL,
  `FECHA_MOD` timestamp NOT NULL DEFAULT current_timestamp(),
  `ESTADO` varchar(20) COLLATE utf8_spanish2_ci NOT NULL DEFAULT 'activo',
  `ESTADO_REG` varchar(20) COLLATE utf8_spanish2_ci NOT NULL DEFAULT 'vigente'
) ENGINE=InnoDB DEFAULT CHARSET=utf8 COLLATE=utf8_spanish2_ci;

--
-- Volcado de datos para la tabla `aud_actividad`
--

INSERT INTO `aud_actividad` (`ID_ACTIVIDAD`, `MES_CIERRE`, `ACTIVIDAD`, `CODIGO`, `ACTIVIDAD_ECONOMICA`, `CODIGO_SIN`, `CODIGO_SISTEMA`, `USER_REG`, `FECHA_REG`, `USER_MOD`, `FECHA_MOD`, `ESTADO`, `ESTADO_REG`) VALUES
(2, 6, 'AGRICOLA O GANADERA', '500', 'CULTIVO DE FRUTAS Y SEMILLAS OLEAGINOSAS (NUECES, MANIES Y SOYA)', '70100', NULL, 'SISTEMA', '2021-09-17 16:46:56', NULL, '2021-09-17 16:46:56', 'activo', 'vigente'),
(3, 6, 'AGRICOLA Y/O GANADERA', '503  ', 'APICULTURA', '14700', NULL, 'SISTEMA', '2021-09-17 16:48:41', NULL, '2021-09-17 16:48:41', 'activo', 'vigente'),
(4, 6, 'AGRICOLA Y/O GANADERA', '501  ', 'CRIA Y REPRODUCCION DE AVES DE CORRAL', '14610', NULL, 'SISTEMA', '2021-09-17 16:48:41', NULL, '2021-09-17 16:48:41', 'activo', 'vigente'),
(5, 6, 'AGRICOLA Y/O GANADERA', '504  ', 'CULTIVO DE HORTALIZAS DE BULBO', '11240', NULL, 'SISTEMA', '2021-09-17 16:48:41', NULL, '2021-09-17 16:48:41', 'activo', 'vigente'),
(6, 6, 'AGRICOLA Y/O GANADERA', '505  ', 'CULTIVO DE HORTALIZAS DE RAIZ', '11210', NULL, 'SISTEMA', '2021-09-17 16:48:41', NULL, '2021-09-17 16:48:41', 'activo', 'vigente'),
(7, 6, 'AGRICOLA Y/O GANADERA', '506  ', 'CULTIVO DE SEMILLAS', '13200', NULL, 'SISTEMA', '2021-09-17 16:48:41', NULL, '2021-09-17 16:48:41', 'activo', 'vigente'),
(8, 6, 'AGRICOLA Y/O GANADERA', '507  ', 'CULTIVOS EN GENERAL, CULTIVOS DE PRODUCTOS DE MERCADO, HORTICULTURA', '11000', NULL, 'SISTEMA', '2021-09-17 16:48:41', NULL, '2021-09-17 16:48:41', 'activo', 'vigente'),
(9, 6, 'AGRICOLA Y/O GANADERA', '502  ', 'PRODUCCION DE HUEVO', '14620', NULL, 'SISTEMA', '2021-09-17 16:48:41', NULL, '2021-09-17 16:48:41', 'activo', 'vigente'),
(10, 12, 'COMERCIAL', '206  ', 'CONFECCIÓN PRENDAS DE VESTIR UTILIZANDO MATERIALES NO PRODUCIDOS EN LA MISMA UNIDAD (INCLUYE LAS DE CUERO)', '141020', NULL, 'SISTEMA', '2021-09-17 16:48:41', NULL, '2021-09-17 16:48:41', 'activo', 'vigente'),
(11, 12, 'COMERCIAL', '200  ', 'VENTA AL POR MAYOR DE MATERIALES DE CONSTRUCCION, ARTICULOS DE FERRETERIA, EQUIPOS Y MATERIALES DE FONTANERIA Y CALEFACCION', '50403', NULL, 'SISTEMA', '2021-09-17 16:48:41', NULL, '2021-09-17 16:48:41', 'activo', 'vigente'),
(12, 12, 'COMERCIAL', '204  ', 'VENTA AL POR MENOR DE ALIMENTOS, BEBIDAS Y TABACO EN ALMACENES ESPECIALIZADOS', '472000', NULL, 'SISTEMA', '2021-09-17 16:48:41', NULL, '2021-09-17 16:48:41', 'activo', 'vigente'),
(13, 12, 'COMERCIAL', '201  ', 'VENTA AL POR MENOR DE APARATAROS, ARTICULOS Y QUIPOS', '474000', NULL, 'SISTEMA', '2021-09-17 16:48:41', NULL, '2021-09-17 16:48:41', 'activo', 'vigente'),
(14, 12, 'COMERCIAL', '205  ', 'VENTA AL POR MENOR DE EQUIPO DE OFICINA, LIBROS, PERIODICOS Y PAPELERIA Y EQUIPO FOTOGRAFICO, OPTICO Y DE PRECISION', '60205', NULL, 'SISTEMA', '2021-09-17 16:48:41', NULL, '2021-09-17 16:48:41', 'activo', 'vigente'),
(15, 12, 'COMERCIAL', '203  ', 'VENTA AL POR MENOR DE OTROS PRODUCTOS EN ALMACENES ESPECIALIZADOS (ARTICULOS DE LIMPIEZA, PAPEL TAPIZ, ARTICULO DE JOYERIA, ARTICULOS DE DEPORT)', '476001', NULL, 'SISTEMA', '2021-09-17 16:48:41', NULL, '2021-09-17 16:48:41', 'activo', 'vigente'),
(16, 12, 'COMERCIAL', '209  ', 'VENTA DE PARTES, PIEZAS Y ACCESORIOS DE VEHICULOS AUTOMOTORES', '50102', NULL, 'SISTEMA', '2021-09-17 16:48:41', NULL, '2021-09-17 16:48:41', 'activo', 'vigente'),
(17, 12, 'COMERCIAL', '208  ', 'VENTA ESPECIALIZADA DE ACEITES LUBRICANTES Y COMBUSTIBLES', '47300', NULL, 'SISTEMA', '2021-09-17 16:48:41', NULL, '2021-09-17 16:48:41', 'activo', 'vigente'),
(18, 12, 'COMERCIAL', '202  ', 'VENTA POR MENOR DE MUEBLES Y COLCHONES', '475930', NULL, 'SISTEMA', '2021-09-17 16:48:41', NULL, '2021-09-17 16:48:41', 'activo', 'vigente'),
(19, 12, 'COMERCIAL', '207  ', 'VENTA POR MENOR DE PRENDAS DE VESTIR, CALZADO Y PRODUCTOS TEXTILES USADOS (CASAS DE EMPEÑO, ANTICUARIOS)', '477930', NULL, 'SISTEMA', '2021-09-17 16:48:41', NULL, '2021-09-17 16:48:41', 'activo', 'vigente'),
(20, 12, 'CONSTRUCCIÓN SERVICIOS', '700  ', '', '0', NULL, 'SISTEMA', '2021-09-17 16:48:41', NULL, '2021-09-17 16:48:41', 'activo', 'vigente'),
(21, 12, 'SERVICIOS', '105  ', 'ACTIVIDAD DE FARMACIA', '477311', NULL, 'SISTEMA', '2021-09-17 16:48:41', NULL, '2021-09-17 16:48:41', 'activo', 'vigente'),
(22, 12, 'SERVICIOS', '119  ', 'ACTIVIDADES DE CINEMATOGRAFIA Y OTRAS ACTIVIDADES DE ENTRETENIMIENTO', '590000', NULL, 'SISTEMA', '2021-09-17 16:48:41', NULL, '2021-09-17 16:48:41', 'activo', 'vigente'),
(23, 12, 'SERVICIOS', '102  ', 'ACTIVIDADES DE COMISIONISTAS, CORREDORES DE PRODUCTOS BASICOS, SUBASTADORES', '461021', NULL, 'SISTEMA', '2021-09-17 16:48:41', NULL, '2021-09-17 16:48:41', 'activo', 'vigente'),
(24, 12, 'SERVICIOS', '100  ', 'ACTIVIDADES DE CONTABILIDADES; TENEDURIA DE LIBROS Y AUDITORIA; ASESORAMIENTO EN MATERIA DE IMPUESTOS', '71802', NULL, 'SISTEMA', '2021-09-17 16:48:41', NULL, '2021-09-17 16:48:41', 'activo', 'vigente'),
(25, 12, 'SERVICIOS', '109  ', 'ACTIVIDADES DE GIMNASIO', '931111', NULL, 'SISTEMA', '2021-09-17 16:48:41', NULL, '2021-09-17 16:48:41', 'activo', 'vigente'),
(26, 12, 'SERVICIOS', '101  ', 'ACTIVIDADES DE MEDICOS Y ODONTOLOGOS', '862000', NULL, 'SISTEMA', '2021-09-17 16:48:41', NULL, '2021-09-17 16:48:41', 'activo', 'vigente'),
(27, 12, 'SERVICIOS', '103  ', 'ACTIVIDADES RELACIONADAS A OFICIOS PERSONALES', '821100', NULL, 'SISTEMA', '2021-09-17 16:48:41', NULL, '2021-09-17 16:48:41', 'activo', 'vigente'),
(28, 12, 'SERVICIOS', '111  ', 'ALQUILER DE OTROS TIPOS DE MAQUINARIA Y EQUIPO', '71102', NULL, 'SISTEMA', '2021-09-17 16:48:41', NULL, '2021-09-17 16:48:41', 'activo', 'vigente'),
(29, 12, 'SERVICIOS', '107  ', 'ALQUILERES DE BIENES RAICES PROPIOS', '681011', NULL, 'SISTEMA', '2021-09-17 16:48:41', NULL, '2021-09-17 16:48:41', 'activo', 'vigente'),
(30, 12, 'SERVICIOS', '104  ', 'CONFECCION PRENDAS DE VESTIR UTILIZANDO MATERIALES NO PRODUCIDOS EN LA MISMAIMCLUYE LAS DE CUERO', '141020', NULL, 'SISTEMA', '2021-09-17 16:48:41', NULL, '2021-09-17 16:48:41', 'activo', 'vigente'),
(31, 12, 'SERVICIOS', '116  ', 'CONSTRUCCIÓN DE OBRAS DE INGENIERÍA CIVIL', '421010', NULL, 'SISTEMA', '2021-09-17 16:48:41', NULL, '2021-09-17 16:48:41', 'activo', 'vigente'),
(32, 12, 'SERVICIOS', '118  ', 'CONSULTORES, SERVICIOS PROFESIONALES Y TECNICOS', '749000', NULL, 'SISTEMA', '2021-09-17 16:48:41', NULL, '2021-09-17 16:48:41', 'activo', 'vigente'),
(33, 12, 'SERVICIOS', '112  ', 'ELIMINACIÓN DE DESPERDICIOS Y AGUAS RESIDUALES', '380000', NULL, 'SISTEMA', '2021-09-17 16:48:41', NULL, '2021-09-17 16:48:41', 'activo', 'vigente'),
(34, 12, 'SERVICIOS', '106  ', 'LAVADO Y LIMPIEZA DE PRENDAS DE TELA Y DE PIEL, INCLUSO LA LIMPIEZA EN SECO', '960100', NULL, 'SISTEMA', '2021-09-17 16:48:41', NULL, '2021-09-17 16:48:41', 'activo', 'vigente'),
(35, 12, 'SERVICIOS', '113  ', 'REPARACIÓN Y MANTENIMIENTO DE MAQUINARIA INDUSTRIAL', '331210', NULL, 'SISTEMA', '2021-09-17 16:48:41', NULL, '2021-09-17 16:48:41', 'activo', 'vigente'),
(36, 12, 'SERVICIOS', '108  ', 'TELECOMUNICACIONES', '610000', NULL, 'SISTEMA', '2021-09-17 16:48:41', NULL, '2021-09-17 16:48:41', 'activo', 'vigente'),
(37, 12, 'SERVICIOS', '115  ', 'VENTA AL POR MAYOR DE MAQUINARIA, EQUIPO Y MATERIALES', '465000', NULL, 'SISTEMA', '2021-09-17 16:48:41', NULL, '2021-09-17 16:48:41', 'activo', 'vigente'),
(38, 12, 'SERVICIOS', '110  ', 'VENTA AL POR MENOR DE OTROS PRODUCTOS EN ALMACENES NO ESPECIALIZADO', '471900', NULL, 'SISTEMA', '2021-09-17 16:48:41', NULL, '2021-09-17 16:48:41', 'activo', 'vigente'),
(39, 3, 'CONSTRUCCION', '300  ', 'CONSTRUCCION DE EDIFICIOS COMPLETOS O DE PARTE DE EDIFICIOS OBRAS DE INGENIERIA', '410000', NULL, 'SISTEMA', '2021-09-17 16:48:41', NULL, '2021-09-17 16:48:41', 'activo', 'vigente'),
(40, 3, 'CONSTRUCCION', '301  ', 'CONSTRUCCION DE OBRAS DE INGENIERIA CIVIL', '421010', NULL, 'SISTEMA', '2021-09-17 16:48:41', NULL, '2021-09-17 16:48:41', 'activo', 'vigente'),
(41, 3, 'CONSTRUCCION', '302  ', 'INSTALACION DE SISTEMAS ELECTRICOS EN EDIFICACIONES Y ESTRUCTURAS DE INGENIERIA CIVIL', '432100', NULL, 'SISTEMA', '2021-09-17 16:48:41', NULL, '2021-09-17 16:48:41', 'activo', 'vigente'),
(42, 3, 'INDUSTRIAL', '405  ', 'ACTIVIDADES DE DISEÑO GRAFICO', '741020', NULL, 'SISTEMA', '2021-09-17 16:48:41', NULL, '2021-09-17 16:48:41', 'activo', 'vigente'),
(43, 3, 'INDUSTRIAL', '404  ', 'ACTIVIDADES DE IMPRESIÓN IMPRENTA, ENCUADERNACION Y SERIGRAFIA', '181100', NULL, 'SISTEMA', '2021-09-17 16:48:41', NULL, '2021-09-17 16:48:41', 'activo', 'vigente'),
(44, 3, 'INDUSTRIAL', '408  ', 'CONSTRUCCION DE EDIFICIOS COMPLETOS O DE PARTES DE EDIFICIOS; OBRAS DE INGENIERIA CIVIL', '80102', NULL, 'SISTEMA', '2021-09-17 16:48:41', NULL, '2021-09-17 16:48:41', 'activo', 'vigente'),
(45, 3, 'INDUSTRIAL', '409  ', 'ELABORACION DE ESPECIAS, SALSAS Y CONDIMENTOS', '107930', NULL, 'SISTEMA', '2021-09-17 16:48:41', NULL, '2021-09-17 16:48:41', 'activo', 'vigente'),
(46, 3, 'INDUSTRIAL', '403  ', 'ELABORACION DE LECHES Y PRODUCTOS LACTEOS', '105010', NULL, 'SISTEMA', '2021-09-17 16:48:41', NULL, '2021-09-17 16:48:41', 'activo', 'vigente'),
(47, 3, 'INDUSTRIAL', '410  ', 'FABRICACION DE CALZADOS', '15200', NULL, 'SISTEMA', '2021-09-17 16:48:41', NULL, '2021-09-17 16:48:41', 'activo', 'vigente'),
(48, 3, 'INDUSTRIAL', '406  ', 'FABRICACION DE MUEBLES Y PARTES DE MUEBLES, PRINCIPALMENTE DE MADERA', '310010', NULL, 'SISTEMA', '2021-09-17 16:48:41', NULL, '2021-09-17 16:48:41', 'activo', 'vigente'),
(49, 3, 'INDUSTRIAL', '402  ', 'FABRICACION DE PARTES DE CUERO PARA CALZADO', '152020', NULL, 'SISTEMA', '2021-09-17 16:48:41', NULL, '2021-09-17 16:48:41', 'activo', 'vigente'),
(50, 3, 'INDUSTRIAL', '401  ', 'FABRICACION DE PARTES Y PIEZAS DE CARPINTERIA PARA EDIFICIOS Y CONSTRUCCIONES', '162200', NULL, 'SISTEMA', '2021-09-17 16:48:41', NULL, '2021-09-17 16:48:41', 'activo', 'vigente'),
(51, 3, 'INDUSTRIAL', '407  ', 'FABRICACION DE PRODUCTOS METALICOS PARA USO', '11601', NULL, 'SISTEMA', '2021-09-17 16:48:41', NULL, '2021-09-17 16:48:41', 'activo', 'vigente'),
(52, 3, 'INDUSTRIALES', '400  ', 'FABRICACION DE YESO', '70000', NULL, 'SISTEMA', '2021-09-17 16:48:41', NULL, '2021-09-17 16:48:41', 'activo', 'vigente'),
(53, 6, 'AGRICOLA Y/O GANADERA', '503  ', 'APICULTURA', '14700', NULL, 'SISTEMA', '2021-09-17 16:49:08', NULL, '2021-09-17 16:49:08', 'activo', 'vigente'),
(54, 6, 'AGRICOLA Y/O GANADERA', '501  ', 'CRIA Y REPRODUCCION DE AVES DE CORRAL', '14610', NULL, 'SISTEMA', '2021-09-17 16:49:08', NULL, '2021-09-17 16:49:08', 'activo', 'vigente'),
(55, 6, 'AGRICOLA Y/O GANADERA', '504  ', 'CULTIVO DE HORTALIZAS DE BULBO', '11240', NULL, 'SISTEMA', '2021-09-17 16:49:08', NULL, '2021-09-17 16:49:08', 'activo', 'vigente'),
(56, 6, 'AGRICOLA Y/O GANADERA', '505  ', 'CULTIVO DE HORTALIZAS DE RAIZ', '11210', NULL, 'SISTEMA', '2021-09-17 16:49:08', NULL, '2021-09-17 16:49:08', 'activo', 'vigente'),
(57, 6, 'AGRICOLA Y/O GANADERA', '506  ', 'CULTIVO DE SEMILLAS', '13200', NULL, 'SISTEMA', '2021-09-17 16:49:08', NULL, '2021-09-17 16:49:08', 'activo', 'vigente'),
(58, 6, 'AGRICOLA Y/O GANADERA', '507  ', 'CULTIVOS EN GENERAL, CULTIVOS DE PRODUCTOS DE MERCADO, HORTICULTURA', '11000', NULL, 'SISTEMA', '2021-09-17 16:49:08', NULL, '2021-09-17 16:49:08', 'activo', 'vigente'),
(59, 6, 'AGRICOLA Y/O GANADERA', '502  ', 'PRODUCCION DE HUEVO', '14620', NULL, 'SISTEMA', '2021-09-17 16:49:08', NULL, '2021-09-17 16:49:08', 'activo', 'vigente'),
(60, 12, 'COMERCIAL', '206  ', 'CONFECCIÓN PRENDAS DE VESTIR UTILIZANDO MATERIALES NO PRODUCIDOS EN LA MISMA UNIDAD (INCLUYE LAS DE CUERO)', '141020', NULL, 'SISTEMA', '2021-09-17 16:49:08', NULL, '2021-09-17 16:49:08', 'activo', 'vigente'),
(61, 12, 'COMERCIAL', '200  ', 'VENTA AL POR MAYOR DE MATERIALES DE CONSTRUCCION, ARTICULOS DE FERRETERIA, EQUIPOS Y MATERIALES DE FONTANERIA Y CALEFACCION', '50403', NULL, 'SISTEMA', '2021-09-17 16:49:08', NULL, '2021-09-17 16:49:08', 'activo', 'vigente'),
(62, 12, 'COMERCIAL', '204  ', 'VENTA AL POR MENOR DE ALIMENTOS, BEBIDAS Y TABACO EN ALMACENES ESPECIALIZADOS', '472000', NULL, 'SISTEMA', '2021-09-17 16:49:08', NULL, '2021-09-17 16:49:08', 'activo', 'vigente'),
(63, 12, 'COMERCIAL', '201  ', 'VENTA AL POR MENOR DE APARATAROS, ARTICULOS Y QUIPOS', '474000', NULL, 'SISTEMA', '2021-09-17 16:49:08', NULL, '2021-09-17 16:49:08', 'activo', 'vigente'),
(64, 12, 'COMERCIAL', '205  ', 'VENTA AL POR MENOR DE EQUIPO DE OFICINA, LIBROS, PERIODICOS Y PAPELERIA Y EQUIPO FOTOGRAFICO, OPTICO Y DE PRECISION', '60205', NULL, 'SISTEMA', '2021-09-17 16:49:08', NULL, '2021-09-17 16:49:08', 'activo', 'vigente'),
(65, 12, 'COMERCIAL', '203  ', 'VENTA AL POR MENOR DE OTROS PRODUCTOS EN ALMACENES ESPECIALIZADOS (ARTICULOS DE LIMPIEZA, PAPEL TAPIZ, ARTICULO DE JOYERIA, ARTICULOS DE DEPORT)', '476001', NULL, 'SISTEMA', '2021-09-17 16:49:08', NULL, '2021-09-17 16:49:08', 'activo', 'vigente'),
(66, 12, 'COMERCIAL', '209  ', 'VENTA DE PARTES, PIEZAS Y ACCESORIOS DE VEHICULOS AUTOMOTORES', '50102', NULL, 'SISTEMA', '2021-09-17 16:49:08', NULL, '2021-09-17 16:49:08', 'activo', 'vigente'),
(67, 12, 'COMERCIAL', '208  ', 'VENTA ESPECIALIZADA DE ACEITES LUBRICANTES Y COMBUSTIBLES', '47300', NULL, 'SISTEMA', '2021-09-17 16:49:08', NULL, '2021-09-17 16:49:08', 'activo', 'vigente'),
(68, 12, 'COMERCIAL', '202  ', 'VENTA POR MENOR DE MUEBLES Y COLCHONES', '475930', NULL, 'SISTEMA', '2021-09-17 16:49:08', NULL, '2021-09-17 16:49:08', 'activo', 'vigente'),
(69, 12, 'COMERCIAL', '207  ', 'VENTA POR MENOR DE PRENDAS DE VESTIR, CALZADO Y PRODUCTOS TEXTILES USADOS (CASAS DE EMPEÑO, ANTICUARIOS)', '477930', NULL, 'SISTEMA', '2021-09-17 16:49:08', NULL, '2021-09-17 16:49:08', 'activo', 'vigente'),
(70, 12, 'CONSTRUCCIÓN SERVICIOS', '700  ', '', '0', NULL, 'SISTEMA', '2021-09-17 16:49:08', NULL, '2021-09-17 16:49:08', 'activo', 'vigente'),
(71, 12, 'SERVICIOS', '105  ', 'ACTIVIDAD DE FARMACIA', '477311', NULL, 'SISTEMA', '2021-09-17 16:49:08', NULL, '2021-09-17 16:49:08', 'activo', 'vigente'),
(72, 12, 'SERVICIOS', '119  ', 'ACTIVIDADES DE CINEMATOGRAFIA Y OTRAS ACTIVIDADES DE ENTRETENIMIENTO', '590000', NULL, 'SISTEMA', '2021-09-17 16:49:08', NULL, '2021-09-17 16:49:08', 'activo', 'vigente'),
(73, 12, 'SERVICIOS', '102  ', 'ACTIVIDADES DE COMISIONISTAS, CORREDORES DE PRODUCTOS BASICOS, SUBASTADORES', '461021', NULL, 'SISTEMA', '2021-09-17 16:49:08', NULL, '2021-09-17 16:49:08', 'activo', 'vigente'),
(74, 12, 'SERVICIOS', '100  ', 'ACTIVIDADES DE CONTABILIDADES; TENEDURIA DE LIBROS Y AUDITORIA; ASESORAMIENTO EN MATERIA DE IMPUESTOS', '71802', NULL, 'SISTEMA', '2021-09-17 16:49:08', NULL, '2021-09-17 16:49:08', 'activo', 'vigente'),
(75, 12, 'SERVICIOS', '109  ', 'ACTIVIDADES DE GIMNASIO', '931111', NULL, 'SISTEMA', '2021-09-17 16:49:08', NULL, '2021-09-17 16:49:08', 'activo', 'vigente'),
(76, 12, 'SERVICIOS', '101  ', 'ACTIVIDADES DE MEDICOS Y ODONTOLOGOS', '862000', NULL, 'SISTEMA', '2021-09-17 16:49:08', NULL, '2021-09-17 16:49:08', 'activo', 'vigente'),
(77, 12, 'SERVICIOS', '103  ', 'ACTIVIDADES RELACIONADAS A OFICIOS PERSONALES', '821100', NULL, 'SISTEMA', '2021-09-17 16:49:08', NULL, '2021-09-17 16:49:08', 'activo', 'vigente'),
(78, 12, 'SERVICIOS', '111  ', 'ALQUILER DE OTROS TIPOS DE MAQUINARIA Y EQUIPO', '71102', NULL, 'SISTEMA', '2021-09-17 16:49:08', NULL, '2021-09-17 16:49:08', 'activo', 'vigente'),
(79, 12, 'SERVICIOS', '107  ', 'ALQUILERES DE BIENES RAICES PROPIOS', '681011', NULL, 'SISTEMA', '2021-09-17 16:49:08', NULL, '2021-09-17 16:49:08', 'activo', 'vigente'),
(80, 12, 'SERVICIOS', '104  ', 'CONFECCION PRENDAS DE VESTIR UTILIZANDO MATERIALES NO PRODUCIDOS EN LA MISMAIMCLUYE LAS DE CUERO', '141020', NULL, 'SISTEMA', '2021-09-17 16:49:08', NULL, '2021-09-17 16:49:08', 'activo', 'vigente'),
(81, 12, 'SERVICIOS', '116  ', 'CONSTRUCCIÓN DE OBRAS DE INGENIERÍA CIVIL', '421010', NULL, 'SISTEMA', '2021-09-17 16:49:08', NULL, '2021-09-17 16:49:08', 'activo', 'vigente'),
(82, 12, 'SERVICIOS', '118  ', 'CONSULTORES, SERVICIOS PROFESIONALES Y TECNICOS', '749000', NULL, 'SISTEMA', '2021-09-17 16:49:08', NULL, '2021-09-17 16:49:08', 'activo', 'vigente'),
(83, 12, 'SERVICIOS', '112  ', 'ELIMINACIÓN DE DESPERDICIOS Y AGUAS RESIDUALES', '380000', NULL, 'SISTEMA', '2021-09-17 16:49:08', NULL, '2021-09-17 16:49:08', 'activo', 'vigente'),
(84, 12, 'SERVICIOS', '106  ', 'LAVADO Y LIMPIEZA DE PRENDAS DE TELA Y DE PIEL, INCLUSO LA LIMPIEZA EN SECO', '960100', NULL, 'SISTEMA', '2021-09-17 16:49:08', NULL, '2021-09-17 16:49:08', 'activo', 'vigente'),
(85, 12, 'SERVICIOS', '113  ', 'REPARACIÓN Y MANTENIMIENTO DE MAQUINARIA INDUSTRIAL', '331210', NULL, 'SISTEMA', '2021-09-17 16:49:08', NULL, '2021-09-17 16:49:08', 'activo', 'vigente'),
(86, 12, 'SERVICIOS', '108  ', 'TELECOMUNICACIONES', '610000', NULL, 'SISTEMA', '2021-09-17 16:49:08', NULL, '2021-09-17 16:49:08', 'activo', 'vigente'),
(87, 12, 'SERVICIOS', '115  ', 'VENTA AL POR MAYOR DE MAQUINARIA, EQUIPO Y MATERIALES', '465000', NULL, 'SISTEMA', '2021-09-17 16:49:08', NULL, '2021-09-17 16:49:08', 'activo', 'vigente'),
(88, 12, 'SERVICIOS', '110  ', 'VENTA AL POR MENOR DE OTROS PRODUCTOS EN ALMACENES NO ESPECIALIZADO', '471900', NULL, 'SISTEMA', '2021-09-17 16:49:08', NULL, '2021-09-17 16:49:08', 'activo', 'vigente'),
(89, 3, 'CONSTRUCCION', '300  ', 'CONSTRUCCION DE EDIFICIOS COMPLETOS O DE PARTE DE EDIFICIOS OBRAS DE INGENIERIA', '410000', NULL, 'SISTEMA', '2021-09-17 16:49:08', NULL, '2021-09-17 16:49:08', 'activo', 'vigente'),
(90, 3, 'CONSTRUCCION', '301  ', 'CONSTRUCCION DE OBRAS DE INGENIERIA CIVIL', '421010', NULL, 'SISTEMA', '2021-09-17 16:49:08', NULL, '2021-09-17 16:49:08', 'activo', 'vigente'),
(91, 3, 'CONSTRUCCION', '302  ', 'INSTALACION DE SISTEMAS ELECTRICOS EN EDIFICACIONES Y ESTRUCTURAS DE INGENIERIA CIVIL', '432100', NULL, 'SISTEMA', '2021-09-17 16:49:08', NULL, '2021-09-17 16:49:08', 'activo', 'vigente'),
(92, 3, 'INDUSTRIAL', '405  ', 'ACTIVIDADES DE DISEÑO GRAFICO', '741020', NULL, 'SISTEMA', '2021-09-17 16:49:08', NULL, '2021-09-17 16:49:08', 'activo', 'vigente'),
(93, 3, 'INDUSTRIAL', '404  ', 'ACTIVIDADES DE IMPRESIÓN IMPRENTA, ENCUADERNACION Y SERIGRAFIA', '181100', NULL, 'SISTEMA', '2021-09-17 16:49:08', NULL, '2021-09-17 16:49:08', 'activo', 'vigente'),
(94, 3, 'INDUSTRIAL', '408  ', 'CONSTRUCCION DE EDIFICIOS COMPLETOS O DE PARTES DE EDIFICIOS; OBRAS DE INGENIERIA CIVIL', '80102', NULL, 'SISTEMA', '2021-09-17 16:49:08', NULL, '2021-09-17 16:49:08', 'activo', 'vigente'),
(95, 3, 'INDUSTRIAL', '409  ', 'ELABORACION DE ESPECIAS, SALSAS Y CONDIMENTOS', '107930', NULL, 'SISTEMA', '2021-09-17 16:49:08', NULL, '2021-09-17 16:49:08', 'activo', 'vigente'),
(96, 3, 'INDUSTRIAL', '403  ', 'ELABORACION DE LECHES Y PRODUCTOS LACTEOS', '105010', NULL, 'SISTEMA', '2021-09-17 16:49:08', NULL, '2021-09-17 16:49:08', 'activo', 'vigente'),
(97, 3, 'INDUSTRIAL', '410  ', 'FABRICACION DE CALZADOS', '15200', NULL, 'SISTEMA', '2021-09-17 16:49:08', NULL, '2021-09-17 16:49:08', 'activo', 'vigente'),
(98, 3, 'INDUSTRIAL', '406  ', 'FABRICACION DE MUEBLES Y PARTES DE MUEBLES, PRINCIPALMENTE DE MADERA', '310010', NULL, 'SISTEMA', '2021-09-17 16:49:08', NULL, '2021-09-17 16:49:08', 'activo', 'vigente'),
(99, 3, 'INDUSTRIAL', '402  ', 'FABRICACION DE PARTES DE CUERO PARA CALZADO', '152020', NULL, 'SISTEMA', '2021-09-17 16:49:08', NULL, '2021-09-17 16:49:08', 'activo', 'vigente'),
(100, 3, 'INDUSTRIAL', '401  ', 'FABRICACION DE PARTES Y PIEZAS DE CARPINTERIA PARA EDIFICIOS Y CONSTRUCCIONES', '162200', NULL, 'SISTEMA', '2021-09-17 16:49:08', NULL, '2021-09-17 16:49:08', 'activo', 'vigente'),
(101, 3, 'INDUSTRIAL', '407  ', 'FABRICACION DE PRODUCTOS METALICOS PARA USO', '11601', NULL, 'SISTEMA', '2021-09-17 16:49:08', NULL, '2021-09-17 16:49:08', 'activo', 'vigente'),
(102, 3, 'INDUSTRIALES', '400  ', 'FABRICACION DE YESO', '70000', NULL, 'SISTEMA', '2021-09-17 16:49:08', NULL, '2021-09-17 16:49:08', 'activo', 'vigente'),
(103, 6, 'AGRICOLA Y/O GANADERA', '503  ', 'APICULTURA', '14700', NULL, 'SISTEMA', '2021-09-17 16:50:04', NULL, '2021-09-17 16:50:04', 'activo', 'vigente'),
(104, 6, 'AGRICOLA Y/O GANADERA', '501  ', 'CRIA Y REPRODUCCION DE AVES DE CORRAL', '14610', NULL, 'SISTEMA', '2021-09-17 16:50:15', NULL, '2021-09-17 16:50:15', 'activo', 'vigente'),
(105, 6, 'AGRICOLA Y/O GANADERA', '504  ', 'CULTIVO DE HORTALIZAS DE BULBO', '11240', NULL, 'SISTEMA', '2021-09-17 16:50:30', NULL, '2021-09-17 16:50:30', 'activo', 'vigente'),
(106, 6, 'AGRICOLA Y/O GANADERA', '505  ', 'CULTIVO DE HORTALIZAS DE RAIZ', '11210', NULL, 'SISTEMA', '2021-09-17 16:50:30', NULL, '2021-09-17 16:50:30', 'activo', 'vigente'),
(107, 6, 'AGRICOLA Y/O GANADERA', '506  ', 'CULTIVO DE SEMILLAS', '13200', NULL, 'SISTEMA', '2021-09-17 16:50:30', NULL, '2021-09-17 16:50:30', 'activo', 'vigente'),
(108, 6, 'AGRICOLA Y/O GANADERA', '507  ', 'CULTIVOS EN GENERAL, CULTIVOS DE PRODUCTOS DE MERCADO, HORTICULTURA', '11000', NULL, 'SISTEMA', '2021-09-17 16:50:30', NULL, '2021-09-17 16:50:30', 'activo', 'vigente'),
(109, 6, 'AGRICOLA Y/O GANADERA', '502  ', 'PRODUCCION DE HUEVO', '14620', NULL, 'SISTEMA', '2021-09-17 16:50:30', NULL, '2021-09-17 16:50:30', 'activo', 'vigente'),
(110, 12, 'COMERCIAL', '206  ', 'CONFECCIÓN PRENDAS DE VESTIR UTILIZANDO MATERIALES NO PRODUCIDOS EN LA MISMA UNIDAD (INCLUYE LAS DE CUERO)', '141020', NULL, 'SISTEMA', '2021-09-17 16:50:30', NULL, '2021-09-17 16:50:30', 'activo', 'vigente'),
(111, 12, 'COMERCIAL', '200  ', 'VENTA AL POR MAYOR DE MATERIALES DE CONSTRUCCION, ARTICULOS DE FERRETERIA, EQUIPOS Y MATERIALES DE FONTANERIA Y CALEFACCION', '50403', NULL, 'SISTEMA', '2021-09-17 16:50:31', NULL, '2021-09-17 16:50:31', 'activo', 'vigente'),
(112, 12, 'COMERCIAL', '204  ', 'VENTA AL POR MENOR DE ALIMENTOS, BEBIDAS Y TABACO EN ALMACENES ESPECIALIZADOS', '472000', NULL, 'SISTEMA', '2021-09-17 16:50:31', NULL, '2021-09-17 16:50:31', 'activo', 'vigente'),
(113, 12, 'COMERCIAL', '201  ', 'VENTA AL POR MENOR DE APARATAROS, ARTICULOS Y QUIPOS', '474000', NULL, 'SISTEMA', '2021-09-17 16:50:31', NULL, '2021-09-17 16:50:31', 'activo', 'vigente'),
(114, 12, 'COMERCIAL', '205  ', 'VENTA AL POR MENOR DE EQUIPO DE OFICINA, LIBROS, PERIODICOS Y PAPELERIA Y EQUIPO FOTOGRAFICO, OPTICO Y DE PRECISION', '60205', NULL, 'SISTEMA', '2021-09-17 16:50:31', NULL, '2021-09-17 16:50:31', 'activo', 'vigente'),
(115, 12, 'COMERCIAL', '203  ', 'VENTA AL POR MENOR DE OTROS PRODUCTOS EN ALMACENES ESPECIALIZADOS (ARTICULOS DE LIMPIEZA, PAPEL TAPIZ, ARTICULO DE JOYERIA, ARTICULOS DE DEPORT)', '476001', NULL, 'SISTEMA', '2021-09-17 16:50:31', NULL, '2021-09-17 16:50:31', 'activo', 'vigente'),
(116, 12, 'COMERCIAL', '209  ', 'VENTA DE PARTES, PIEZAS Y ACCESORIOS DE VEHICULOS AUTOMOTORES', '50102', NULL, 'SISTEMA', '2021-09-17 16:50:47', NULL, '2021-09-17 16:50:47', 'activo', 'vigente'),
(117, 12, 'COMERCIAL', '208  ', 'VENTA ESPECIALIZADA DE ACEITES LUBRICANTES Y COMBUSTIBLES', '47300', NULL, 'SISTEMA', '2021-09-17 16:50:47', NULL, '2021-09-17 16:50:47', 'activo', 'vigente'),
(118, 12, 'COMERCIAL', '202  ', 'VENTA POR MENOR DE MUEBLES Y COLCHONES', '475930', NULL, 'SISTEMA', '2021-09-17 16:50:47', NULL, '2021-09-17 16:50:47', 'activo', 'vigente'),
(119, 12, 'COMERCIAL', '207  ', 'VENTA POR MENOR DE PRENDAS DE VESTIR, CALZADO Y PRODUCTOS TEXTILES USADOS (CASAS DE EMPEÑO, ANTICUARIOS)', '477930', NULL, 'SISTEMA', '2021-09-17 16:50:47', NULL, '2021-09-17 16:50:47', 'activo', 'vigente'),
(120, 12, 'CONSTRUCCIÓN SERVICIOS', '700  ', '', '0', NULL, 'SISTEMA', '2021-09-17 16:50:47', NULL, '2021-09-17 16:50:47', 'activo', 'vigente'),
(121, 12, 'SERVICIOS', '105  ', 'ACTIVIDAD DE FARMACIA', '477311', NULL, 'SISTEMA', '2021-09-17 16:50:47', NULL, '2021-09-17 16:50:47', 'activo', 'vigente'),
(122, 12, 'SERVICIOS', '119  ', 'ACTIVIDADES DE CINEMATOGRAFIA Y OTRAS ACTIVIDADES DE ENTRETENIMIENTO', '590000', NULL, 'SISTEMA', '2021-09-17 16:50:47', NULL, '2021-09-17 16:50:47', 'activo', 'vigente'),
(123, 12, 'SERVICIOS', '102  ', 'ACTIVIDADES DE COMISIONISTAS, CORREDORES DE PRODUCTOS BASICOS, SUBASTADORES', '461021', NULL, 'SISTEMA', '2021-09-17 16:50:48', NULL, '2021-09-17 16:50:48', 'activo', 'vigente'),
(124, 12, 'SERVICIOS', '100  ', 'ACTIVIDADES DE CONTABILIDADES; TENEDURIA DE LIBROS Y AUDITORIA; ASESORAMIENTO EN MATERIA DE IMPUESTOS', '71802', NULL, 'SISTEMA', '2021-09-17 16:50:48', NULL, '2021-09-17 16:50:48', 'activo', 'vigente'),
(125, 12, 'SERVICIOS', '109  ', 'ACTIVIDADES DE GIMNASIO', '931111', NULL, 'SISTEMA', '2021-09-17 16:50:48', NULL, '2021-09-17 16:50:48', 'activo', 'vigente'),
(126, 12, 'SERVICIOS', '101  ', 'ACTIVIDADES DE MEDICOS Y ODONTOLOGOS', '862000', NULL, 'SISTEMA', '2021-09-17 16:50:48', NULL, '2021-09-17 16:50:48', 'activo', 'vigente'),
(127, 12, 'SERVICIOS', '103  ', 'ACTIVIDADES RELACIONADAS A OFICIOS PERSONALES', '821100', NULL, 'SISTEMA', '2021-09-17 16:50:48', NULL, '2021-09-17 16:50:48', 'activo', 'vigente'),
(128, 12, 'SERVICIOS', '111  ', 'ALQUILER DE OTROS TIPOS DE MAQUINARIA Y EQUIPO', '71102', NULL, 'SISTEMA', '2021-09-17 16:50:48', NULL, '2021-09-17 16:50:48', 'activo', 'vigente'),
(129, 12, 'SERVICIOS', '107  ', 'ALQUILERES DE BIENES RAICES PROPIOS', '681011', NULL, 'SISTEMA', '2021-09-17 16:50:48', NULL, '2021-09-17 16:50:48', 'activo', 'vigente'),
(130, 12, 'SERVICIOS', '104  ', 'CONFECCION PRENDAS DE VESTIR UTILIZANDO MATERIALES NO PRODUCIDOS EN LA MISMAIMCLUYE LAS DE CUERO', '141020', NULL, 'SISTEMA', '2021-09-17 16:51:17', NULL, '2021-09-17 16:51:17', 'activo', 'vigente'),
(131, 12, 'SERVICIOS', '116  ', 'CONSTRUCCIÓN DE OBRAS DE INGENIERÍA CIVIL', '421010', NULL, 'SISTEMA', '2021-09-17 16:51:17', NULL, '2021-09-17 16:51:17', 'activo', 'vigente'),
(132, 12, 'SERVICIOS', '118  ', 'CONSULTORES, SERVICIOS PROFESIONALES Y TECNICOS', '749000', NULL, 'SISTEMA', '2021-09-17 16:51:17', NULL, '2021-09-17 16:51:17', 'activo', 'vigente'),
(133, 12, 'SERVICIOS', '112  ', 'ELIMINACIÓN DE DESPERDICIOS Y AGUAS RESIDUALES', '380000', NULL, 'SISTEMA', '2021-09-17 16:51:17', NULL, '2021-09-17 16:51:17', 'activo', 'vigente'),
(134, 12, 'SERVICIOS', '104  ', 'CONFECCION PRENDAS DE VESTIR UTILIZANDO MATERIALES NO PRODUCIDOS EN LA MISMAIMCLUYE LAS DE CUERO', '141020', NULL, 'SISTEMA', '2021-09-17 16:51:51', NULL, '2021-09-17 16:51:51', 'activo', 'vigente'),
(135, 12, 'SERVICIOS', '116  ', 'CONSTRUCCIÓN DE OBRAS DE INGENIERÍA CIVIL', '421010', NULL, 'SISTEMA', '2021-09-17 16:51:51', NULL, '2021-09-17 16:51:51', 'activo', 'vigente'),
(136, 12, 'SERVICIOS', '118  ', 'CONSULTORES, SERVICIOS PROFESIONALES Y TECNICOS', '749000', NULL, 'SISTEMA', '2021-09-17 16:51:51', NULL, '2021-09-17 16:51:51', 'activo', 'vigente'),
(137, 12, 'SERVICIOS', '112  ', 'ELIMINACIÓN DE DESPERDICIOS Y AGUAS RESIDUALES', '380000', NULL, 'SISTEMA', '2021-09-17 16:51:51', NULL, '2021-09-17 16:51:51', 'activo', 'vigente'),
(138, 12, 'SERVICIOS', '114  ', 'FABRICACIÓN DE OTROS TIPOS DE MAQUINARIA DE USO GENERAL', '281900', NULL, 'SISTEMA', '2021-09-17 16:51:51', NULL, '2021-09-17 16:51:51', 'activo', 'vigente'),
(139, 12, 'SERVICIOS', '120  ', 'INSTALACIÓN DE SISTEMAS ELÉCTRICOS EN EDIFICACIONES Y ESTRUCTURAS DE INGENIERÍA CIVIL', '432100', NULL, 'SISTEMA', '2021-09-17 16:52:13', NULL, '2021-09-17 16:52:13', 'activo', 'vigente'),
(140, 12, 'SERVICIOS', '117  ', 'INSTALACIONES DE PRODUCTOS DE CARPINTERIA', '433120', NULL, 'SISTEMA', '2021-09-17 16:52:13', NULL, '2021-09-17 16:52:13', 'activo', 'vigente'),
(141, 12, 'SERVICIOS', '106  ', 'LAVADO Y LIMPIEZA DE PRENDAS DE TELA Y DE PIEL, INCLUSO LA LIMPIEZA EN SECO', '960100', NULL, 'SISTEMA', '2021-09-17 16:52:13', NULL, '2021-09-17 16:52:13', 'activo', 'vigente'),
(142, 12, 'SERVICIOS', '113  ', 'REPARACIÓN Y MANTENIMIENTO DE MAQUINARIA INDUSTRIAL', '331210', NULL, 'SISTEMA', '2021-09-17 16:52:13', NULL, '2021-09-17 16:52:13', 'activo', 'vigente'),
(143, 12, 'SERVICIOS', '108  ', 'TELECOMUNICACIONES', '610000', NULL, 'SISTEMA', '2021-09-17 16:52:13', NULL, '2021-09-17 16:52:13', 'activo', 'vigente'),
(144, 12, 'SERVICIOS', '115  ', 'VENTA AL POR MAYOR DE MAQUINARIA, EQUIPO Y MATERIALES', '465000', NULL, 'SISTEMA', '2021-09-17 16:52:13', NULL, '2021-09-17 16:52:13', 'activo', 'vigente'),
(145, 12, 'SERVICIOS', '110  ', 'VENTA AL POR MENOR DE OTROS PRODUCTOS EN ALMACENES NO ESPECIALIZADO', '471900', NULL, 'SISTEMA', '2021-09-17 16:52:13', NULL, '2021-09-17 16:52:13', 'activo', 'vigente'),
(146, 3, 'CONSTRUCCION', '300  ', 'CONSTRUCCION DE EDIFICIOS COMPLETOS O DE PARTE DE EDIFICIOS OBRAS DE INGENIERIA', '410000', NULL, 'SISTEMA', '2021-09-17 16:52:13', NULL, '2021-09-17 16:52:13', 'activo', 'vigente'),
(147, 3, 'CONSTRUCCION', '301  ', 'CONSTRUCCION DE OBRAS DE INGENIERIA CIVIL', '421010', NULL, 'SISTEMA', '2021-09-17 16:52:13', NULL, '2021-09-17 16:52:13', 'activo', 'vigente'),
(148, 3, 'CONSTRUCCION', '302  ', 'INSTALACION DE SISTEMAS ELECTRICOS EN EDIFICACIONES Y ESTRUCTURAS DE INGENIERIA CIVIL', '432100', NULL, 'SISTEMA', '2021-09-17 16:52:13', NULL, '2021-09-17 16:52:13', 'activo', 'vigente'),
(149, 3, 'INDUSTRIAL', '405  ', 'ACTIVIDADES DE DISEÑO GRAFICO', '741020', NULL, 'SISTEMA', '2021-09-17 16:52:13', NULL, '2021-09-17 16:52:13', 'activo', 'vigente'),
(150, 3, 'INDUSTRIAL', '404  ', 'ACTIVIDADES DE IMPRESIÓN IMPRENTA, ENCUADERNACION Y SERIGRAFIA', '181100', NULL, 'SISTEMA', '2021-09-17 16:52:13', NULL, '2021-09-17 16:52:13', 'activo', 'vigente'),
(151, 3, 'INDUSTRIAL', '408  ', 'CONSTRUCCION DE EDIFICIOS COMPLETOS O DE PARTES DE EDIFICIOS; OBRAS DE INGENIERIA CIVIL', '80102', NULL, 'SISTEMA', '2021-09-17 16:52:13', NULL, '2021-09-17 16:52:13', 'activo', 'vigente'),
(152, 3, 'INDUSTRIAL', '409  ', 'ELABORACION DE ESPECIAS, SALSAS Y CONDIMENTOS', '107930', NULL, 'SISTEMA', '2021-09-17 16:52:13', NULL, '2021-09-17 16:52:13', 'activo', 'vigente'),
(153, 3, 'INDUSTRIAL', '403  ', 'ELABORACION DE LECHES Y PRODUCTOS LACTEOS', '105010', NULL, 'SISTEMA', '2021-09-17 16:52:13', NULL, '2021-09-17 16:52:13', 'activo', 'vigente'),
(154, 3, 'INDUSTRIAL', '410  ', 'FABRICACION DE CALZADOS', '15200', NULL, 'SISTEMA', '2021-09-17 16:52:13', NULL, '2021-09-17 16:52:13', 'activo', 'vigente'),
(155, 3, 'INDUSTRIAL', '406  ', 'FABRICACION DE MUEBLES Y PARTES DE MUEBLES, PRINCIPALMENTE DE MADERA', '310010', NULL, 'SISTEMA', '2021-09-17 16:52:13', NULL, '2021-09-17 16:52:13', 'activo', 'vigente'),
(156, 3, 'INDUSTRIAL', '402  ', 'FABRICACION DE PARTES DE CUERO PARA CALZADO', '152020', NULL, 'SISTEMA', '2021-09-17 16:52:13', NULL, '2021-09-17 16:52:13', 'activo', 'vigente'),
(157, 3, 'INDUSTRIAL', '401  ', 'FABRICACION DE PARTES Y PIEZAS DE CARPINTERIA PARA EDIFICIOS Y CONSTRUCCIONES', '162200', NULL, 'SISTEMA', '2021-09-17 16:52:13', NULL, '2021-09-17 16:52:13', 'activo', 'vigente'),
(158, 3, 'INDUSTRIAL', '407  ', 'FABRICACION DE PRODUCTOS METALICOS PARA USO', '11601', NULL, 'SISTEMA', '2021-09-17 16:52:13', NULL, '2021-09-17 16:52:13', 'activo', 'vigente'),
(159, 3, 'INDUSTRIALES', '400  ', 'FABRICACION DE YESO', '70000', NULL, 'SISTEMA', '2021-09-17 16:52:13', NULL, '2021-09-17 16:52:13', 'activo', 'vigente'),
(160, 9, 'MINERA', '601  ', 'COMERCIALIZACIÓN', '466201', NULL, 'SISTEMA', '2021-09-17 16:52:13', NULL, '2021-09-17 16:52:13', 'activo', 'vigente'),
(161, 9, 'MINERA', '602  ', 'EXPLOTACION', '70000', NULL, 'SISTEMA', '2021-09-17 16:52:13', NULL, '2021-09-17 16:52:13', 'activo', 'vigente'),
(162, 9, 'MINERA', '600  ', 'EXPLOTACION DE OBRAS MINAS Y CANTERAS', '89990', NULL, 'SISTEMA', '2021-09-17 16:52:13', NULL, '2021-09-17 16:52:13', 'activo', 'vigente');

-- --------------------------------------------------------

--
-- Estructura de tabla para la tabla `aud_archivo`
--

CREATE TABLE `aud_archivo` (
  `ID_ARCHIVO` int(11) NOT NULL,
  `PATH` varchar(500) COLLATE utf8_spanish2_ci DEFAULT NULL,
  `NOMBRE` varchar(500) COLLATE utf8_spanish2_ci DEFAULT NULL,
  `FECHA_REG` timestamp NOT NULL DEFAULT current_timestamp() ON UPDATE current_timestamp(),
  `USER_REG` varchar(350) COLLATE utf8_spanish2_ci DEFAULT NULL,
  `USER_MOD` varchar(350) COLLATE utf8_spanish2_ci DEFAULT NULL,
  `FECHA_MOD` timestamp NOT NULL DEFAULT current_timestamp(),
  `ESTADO_REG` varchar(20) COLLATE utf8_spanish2_ci DEFAULT 'vigente',
  `ESTADO` varchar(20) COLLATE utf8_spanish2_ci DEFAULT 'activo'
) ENGINE=InnoDB DEFAULT CHARSET=utf8 COLLATE=utf8_spanish2_ci;

-- --------------------------------------------------------

--
-- Estructura de tabla para la tabla `aud_certificados`
--

CREATE TABLE `aud_certificados` (
  `ID_CERTIFICADO` int(11) NOT NULL,
  `CERTIFICADO` varchar(500) COLLATE utf8_spanish2_ci DEFAULT NULL,
  `CODIGO` varchar(50) COLLATE utf8_spanish2_ci NOT NULL,
  `ID_INSTITUCION` int(11) NOT NULL,
  `USER_REG` varchar(350) COLLATE utf8_spanish2_ci DEFAULT NULL,
  `FECHA_REG` timestamp NOT NULL DEFAULT current_timestamp() ON UPDATE current_timestamp(),
  `USER_MOD` varchar(350) COLLATE utf8_spanish2_ci DEFAULT NULL,
  `FECHA_MOD` timestamp NOT NULL DEFAULT current_timestamp(),
  `ESTADO` varchar(20) COLLATE utf8_spanish2_ci DEFAULT 'activo',
  `ESTADO_REG` varchar(20) COLLATE utf8_spanish2_ci DEFAULT 'vigente'
) ENGINE=InnoDB DEFAULT CHARSET=utf8 COLLATE=utf8_spanish2_ci;

--
-- Volcado de datos para la tabla `aud_certificados`
--

INSERT INTO `aud_certificados` (`ID_CERTIFICADO`, `CERTIFICADO`, `CODIGO`, `ID_INSTITUCION`, `USER_REG`, `FECHA_REG`, `USER_MOD`, `FECHA_MOD`, `ESTADO`, `ESTADO_REG`) VALUES
(1, 'NUMERO DE IDENTIFICACION TRIBUTARIA', '100', 1, '#DENIS', '2021-09-17 16:29:40', '#DENIS', '2021-09-17 22:29:19', 'activo', NULL),
(2, 'ROE-REGISTRO OBLIGATORIA DEL EMPLEADOR', '200', 2, '#DENIS', '2021-09-17 22:29:42', NULL, '2021-09-17 16:29:57', 'activo', 'vigente'),
(3, 'MATRICULA DE COMERCIO', '300', 3, '#DENIS', '2021-09-17 22:30:02', NULL, '2021-09-17 16:30:15', 'activo', 'vigente'),
(4, 'LICENCIA DE FUNCIONAMIENTO', '400', 4, '#DENIS', '2021-09-17 22:30:16', NULL, '2021-09-17 16:30:37', 'activo', 'vigente'),
(5, 'LICENCIA DE FUNCIONAMIENTO', '500', 5, '#DENIS', '2021-09-17 22:30:40', NULL, '2021-09-17 16:30:51', 'activo', 'vigente'),
(6, 'ESCRITURA PUBLICA DE CONSTITUCION', '600', 5, '#DENIS', '2021-09-17 22:30:56', NULL, '2021-09-17 16:31:04', 'activo', 'vigente');

-- --------------------------------------------------------

--
-- Estructura de tabla para la tabla `aud_ciudad`
--

CREATE TABLE `aud_ciudad` (
  `ID_CIUDAD` int(11) NOT NULL,
  `ID_PAIS` int(11) NOT NULL,
  `CIUDAD` varchar(250) COLLATE utf8_spanish2_ci DEFAULT NULL,
  `BANDERA` varchar(500) COLLATE utf8_spanish2_ci DEFAULT 'ti-flag-alt-2',
  `CODIGO_CIUDAD` varchar(50) COLLATE utf8_spanish2_ci DEFAULT NULL,
  `FECHA_REG` timestamp NOT NULL DEFAULT current_timestamp() ON UPDATE current_timestamp(),
  `USER_REG` varchar(350) COLLATE utf8_spanish2_ci DEFAULT NULL,
  `USER_MOD` varchar(350) COLLATE utf8_spanish2_ci DEFAULT NULL,
  `FECHA_MOD` timestamp NOT NULL DEFAULT current_timestamp(),
  `ESTADO` varchar(20) COLLATE utf8_spanish2_ci NOT NULL DEFAULT 'activo',
  `ESTADO_REG` varchar(20) COLLATE utf8_spanish2_ci NOT NULL DEFAULT 'vigente'
) ENGINE=InnoDB DEFAULT CHARSET=utf8 COLLATE=utf8_spanish2_ci;

--
-- Volcado de datos para la tabla `aud_ciudad`
--

INSERT INTO `aud_ciudad` (`ID_CIUDAD`, `ID_PAIS`, `CIUDAD`, `BANDERA`, `CODIGO_CIUDAD`, `FECHA_REG`, `USER_REG`, `USER_MOD`, `FECHA_MOD`, `ESTADO`, `ESTADO_REG`) VALUES
(1, 1, 'Cochabamba', 'fas fa-flag', 'CBA', '2021-09-17 17:58:36', '#DEINS', '#DEINS', '2021-09-15 22:10:39', 'activo', 'vigente'),
(2, 1, 'Santa Cruz', 'fas fa-flag', 'SCZ', '2021-09-17 17:58:53', '#DEINS', '#DEINS', '2021-09-15 22:10:39', 'activo', 'vigente'),
(3, 1, 'La Paz', 'fas fa-flag', 'LP', '2021-09-17 17:58:53', '#DEINS', '#DEINS', '2021-09-15 22:10:39', 'activo', 'vigente'),
(4, 1, 'Oruro', 'fas fa-flag', 'OR', '2021-09-17 17:58:53', '#DEINS', '#DEINS', '2021-09-15 22:10:39', 'activo', 'vigente'),
(5, 1, 'Potosi', 'fas fa-flag', 'PT', '2021-09-17 17:58:53', '#DEINS', '#DEINS', '2021-09-15 22:10:39', 'activo', 'vigente'),
(6, 1, 'Tarija', 'fas fa-flag', 'TJ', '2021-09-17 17:58:53', '#DEINS', '#DEINS', '2021-09-15 22:10:39', 'activo', 'vigente'),
(7, 1, 'Sucre', 'fas fa-flag', 'CH', '2021-09-17 17:58:53', '#DEINS', '#DEINS', '2021-09-15 22:10:39', 'activo', 'vigente'),
(8, 1, 'Pando', 'fas fa-flag', 'PD', '2021-09-17 17:58:53', '#DEINS', '#DEINS', '2021-09-15 22:10:39', 'activo', 'vigente'),
(9, 1, 'Beni', 'fas fa-flag', 'BN', '2021-09-17 17:58:53', '#DEINS', '#DEINS', '2021-09-15 22:10:39', 'activo', 'vigente');

-- --------------------------------------------------------

--
-- Estructura de tabla para la tabla `aud_cliente`
--

CREATE TABLE `aud_cliente` (
  `ID_CLIENTE` int(11) NOT NULL,
  `ID_SOCIEDAD` int(11) NOT NULL,
  `ID_PAIS` int(11) DEFAULT NULL,
  `ID_CIUDAD` int(11) NOT NULL,
  `NIT` varchar(50) COLLATE utf8_spanish2_ci DEFAULT NULL,
  `RAZON_SOCIAL` varchar(500) COLLATE utf8_spanish2_ci DEFAULT NULL,
  `PROPIETARIO_REP_LEGAL` varchar(500) COLLATE utf8_spanish2_ci DEFAULT NULL,
  `CELULAR_REP_LEGAL` varchar(50) COLLATE utf8_spanish2_ci NOT NULL,
  `CONTACTO` varchar(500) COLLATE utf8_spanish2_ci DEFAULT NULL,
  `EMAIL` varchar(350) COLLATE utf8_spanish2_ci DEFAULT NULL,
  `CODIGO_CLIENTE` varchar(50) COLLATE utf8_spanish2_ci DEFAULT NULL,
  `CI` varchar(150) COLLATE utf8_spanish2_ci NOT NULL,
  `EXPEDIDO_EN` int(11) NOT NULL,
  `TELEFONO_DOM` varchar(150) COLLATE utf8_spanish2_ci NOT NULL,
  `ZONA` varchar(500) COLLATE utf8_spanish2_ci NOT NULL,
  `DIRECCION_BASE` varchar(500) COLLATE utf8_spanish2_ci NOT NULL,
  `FOTO` varchar(500) COLLATE utf8_spanish2_ci DEFAULT NULL,
  `FECHA_REG` timestamp NOT NULL DEFAULT current_timestamp() ON UPDATE current_timestamp(),
  `USER_REG` varchar(350) COLLATE utf8_spanish2_ci DEFAULT NULL,
  `USER_MOD` varchar(350) COLLATE utf8_spanish2_ci DEFAULT NULL,
  `FECHA_MOD` timestamp NOT NULL DEFAULT current_timestamp(),
  `ESTADO` varchar(20) COLLATE utf8_spanish2_ci NOT NULL DEFAULT 'activo',
  `ESTADO_REG` varchar(20) COLLATE utf8_spanish2_ci NOT NULL DEFAULT 'vigente'
) ENGINE=InnoDB DEFAULT CHARSET=utf8 COLLATE=utf8_spanish2_ci;

--
-- Volcado de datos para la tabla `aud_cliente`
--

INSERT INTO `aud_cliente` (`ID_CLIENTE`, `ID_SOCIEDAD`, `ID_PAIS`, `ID_CIUDAD`, `NIT`, `RAZON_SOCIAL`, `PROPIETARIO_REP_LEGAL`, `CELULAR_REP_LEGAL`, `CONTACTO`, `EMAIL`, `CODIGO_CLIENTE`, `CI`, `EXPEDIDO_EN`, `TELEFONO_DOM`, `ZONA`, `DIRECCION_BASE`, `FOTO`, `FECHA_REG`, `USER_REG`, `USER_MOD`, `FECHA_MOD`, `ESTADO`, `ESTADO_REG`) VALUES
(95, 1, 1, 1, '8796474011  ', 'BRIAN ROLDAN ESPINOZA QUISPE', 'BRIAN ROLDAN ESPINOZA QUISPE', '', 'BRIAN ROLDAN ESPINOZA QUISPE', '', '00', '8796474   ', 1, '0', 'SARCO', 'AV. BEIJING NRO. 2884 Z/ SARCO', '1111', '2021-09-17 20:13:10', NULL, NULL, '2021-09-17 20:13:10', 'activo', 'vigente');

-- --------------------------------------------------------

--
-- Estructura de tabla para la tabla `aud_cliente_actividad`
--

CREATE TABLE `aud_cliente_actividad` (
  `ID_CLI_ACT` int(11) NOT NULL,
  `ID_CLIENTE` int(11) NOT NULL,
  `ID_ACTIVIDAD` int(11) NOT NULL,
  `FECHA_REG` timestamp NOT NULL DEFAULT current_timestamp() ON UPDATE current_timestamp(),
  `USER_REG` varchar(350) COLLATE utf8_spanish2_ci DEFAULT NULL,
  `USER_MOD` varchar(350) COLLATE utf8_spanish2_ci DEFAULT NULL,
  `FECHA_MOD` timestamp NOT NULL DEFAULT current_timestamp(),
  `ESTADO` varchar(20) COLLATE utf8_spanish2_ci NOT NULL DEFAULT 'activo',
  `ESTADO_REG` varchar(20) COLLATE utf8_spanish2_ci NOT NULL DEFAULT 'vigente'
) ENGINE=InnoDB DEFAULT CHARSET=utf8 COLLATE=utf8_spanish2_ci;

-- --------------------------------------------------------

--
-- Estructura de tabla para la tabla `aud_cliente_archivo`
--

CREATE TABLE `aud_cliente_archivo` (
  `ID_CLIENTE` int(11) NOT NULL,
  `ID_ARCHIVO` int(11) NOT NULL,
  `ID_CLI_ARCHIVO` int(11) NOT NULL,
  `FECHA_REG` timestamp NOT NULL DEFAULT current_timestamp() ON UPDATE current_timestamp(),
  `USER_REG` varchar(350) COLLATE utf8_spanish2_ci DEFAULT NULL,
  `USER_MOD` varchar(350) COLLATE utf8_spanish2_ci DEFAULT NULL,
  `FECHA_MOD` timestamp NOT NULL DEFAULT current_timestamp(),
  `ESTADO` varchar(20) COLLATE utf8_spanish2_ci NOT NULL DEFAULT 'activo',
  `ESTADO_REG` varchar(20) COLLATE utf8_spanish2_ci NOT NULL DEFAULT 'vigente'
) ENGINE=InnoDB DEFAULT CHARSET=utf8 COLLATE=utf8_spanish2_ci;

-- --------------------------------------------------------

--
-- Estructura de tabla para la tabla `aud_cliente_certificado`
--

CREATE TABLE `aud_cliente_certificado` (
  `ID_CLIENTE` int(11) NOT NULL,
  `ID_CERTIFICADO` int(11) NOT NULL,
  `ID_CLI_CERT` int(11) NOT NULL
) ENGINE=InnoDB DEFAULT CHARSET=utf8 COLLATE=utf8_spanish2_ci;

-- --------------------------------------------------------

--
-- Estructura de tabla para la tabla `aud_cliente_empresa`
--

CREATE TABLE `aud_cliente_empresa` (
  `ID_EMPRESA` int(11) NOT NULL,
  `ID_CLIENTE` int(11) NOT NULL,
  `ID_CLI_EMP` int(11) NOT NULL,
  `FECHA_REG` timestamp NOT NULL DEFAULT current_timestamp() ON UPDATE current_timestamp(),
  `USER_REG` varchar(350) COLLATE utf8_spanish2_ci DEFAULT NULL,
  `USER_MOD` varchar(350) COLLATE utf8_spanish2_ci DEFAULT NULL,
  `FECHA_MOD` timestamp NOT NULL DEFAULT current_timestamp(),
  `ESTADO` varchar(20) COLLATE utf8_spanish2_ci NOT NULL DEFAULT 'activo',
  `ESTADO_REG` varchar(20) COLLATE utf8_spanish2_ci NOT NULL DEFAULT 'vigente'
) ENGINE=InnoDB DEFAULT CHARSET=utf8 COLLATE=utf8_spanish2_ci;

-- --------------------------------------------------------

--
-- Estructura de tabla para la tabla `aud_cliente_obligacion`
--

CREATE TABLE `aud_cliente_obligacion` (
  `ID_CLIENTE` int(11) NOT NULL,
  `ID_PERIODO` int(11) NOT NULL,
  `ID_OBLIGACION` int(11) NOT NULL,
  `ID_CLI_OBL` int(11) NOT NULL
) ENGINE=InnoDB DEFAULT CHARSET=utf8 COLLATE=utf8_spanish2_ci;

-- --------------------------------------------------------

--
-- Estructura de tabla para la tabla `aud_cliente_regimen`
--

CREATE TABLE `aud_cliente_regimen` (
  `ID_CLIENTE` int(11) NOT NULL,
  `ID_REGIMEN` int(11) NOT NULL,
  `USER_REG` varchar(350) COLLATE utf8_spanish2_ci DEFAULT NULL,
  `FECHA_REG` timestamp NOT NULL DEFAULT current_timestamp() ON UPDATE current_timestamp(),
  `FECHA_MOD` timestamp NOT NULL DEFAULT current_timestamp(),
  `ESTADO` varchar(20) COLLATE utf8_spanish2_ci NOT NULL DEFAULT 'activo',
  `ESTADO_REG` varchar(20) COLLATE utf8_spanish2_ci NOT NULL DEFAULT 'vigente',
  `USER_MOD` varchar(350) COLLATE utf8_spanish2_ci DEFAULT NULL
) ENGINE=InnoDB DEFAULT CHARSET=utf8 COLLATE=utf8_spanish2_ci;

--
-- Volcado de datos para la tabla `aud_cliente_regimen`
--

INSERT INTO `aud_cliente_regimen` (`ID_CLIENTE`, `ID_REGIMEN`, `USER_REG`, `FECHA_REG`, `FECHA_MOD`, `ESTADO`, `ESTADO_REG`, `USER_MOD`) VALUES
(3, 1, NULL, '2021-09-15 15:01:06', '0000-00-00 00:00:00', 'activo', 'vigente', NULL),
(3, 1, NULL, '2021-09-15 15:01:09', '2021-09-15 14:33:01', 'activo', 'vigente', NULL),
(4, 1, NULL, '2021-09-15 19:57:56', '2021-09-15 19:57:56', 'activo', 'vigente', NULL);

-- --------------------------------------------------------

--
-- Estructura de tabla para la tabla `aud_direccion`
--

CREATE TABLE `aud_direccion` (
  `ID_CLIENTE` int(11) NOT NULL,
  `ID_DIRECCION` int(11) NOT NULL,
  `DIRECCION` varchar(500) COLLATE utf8_spanish2_ci DEFAULT NULL,
  `ZONA` varchar(500) COLLATE utf8_spanish2_ci DEFAULT NULL,
  `BARRIO` varchar(500) COLLATE utf8_spanish2_ci DEFAULT NULL,
  `FECHA_REG` timestamp NOT NULL DEFAULT current_timestamp() ON UPDATE current_timestamp(),
  `USER_REG` varchar(350) COLLATE utf8_spanish2_ci DEFAULT NULL,
  `USER_MOD` varchar(350) COLLATE utf8_spanish2_ci DEFAULT NULL,
  `FECHA_MOD` timestamp NOT NULL DEFAULT current_timestamp(),
  `ESTADO` varchar(20) COLLATE utf8_spanish2_ci NOT NULL DEFAULT 'activo',
  `ESTADO_REG` varchar(20) COLLATE utf8_spanish2_ci NOT NULL DEFAULT 'vigente',
  `_DEFAULT` char(1) COLLATE utf8_spanish2_ci DEFAULT NULL
) ENGINE=InnoDB DEFAULT CHARSET=utf8 COLLATE=utf8_spanish2_ci;

-- --------------------------------------------------------

--
-- Estructura de tabla para la tabla `aud_empresa`
--

CREATE TABLE `aud_empresa` (
  `ID_EMPRESA` int(11) NOT NULL,
  `NOMBRE` varchar(500) COLLATE utf8_spanish2_ci DEFAULT NULL,
  `SIGLA` varchar(50) COLLATE utf8_spanish2_ci DEFAULT NULL,
  `TELEFONO_FIJO` varchar(250) COLLATE utf8_spanish2_ci DEFAULT NULL,
  `TELEFONO_CEL` varchar(250) COLLATE utf8_spanish2_ci DEFAULT NULL,
  `PAGINA_WEB` varchar(350) COLLATE utf8_spanish2_ci DEFAULT NULL,
  `EMAIL` varchar(350) COLLATE utf8_spanish2_ci DEFAULT NULL,
  `RESPONSABLE` varchar(500) COLLATE utf8_spanish2_ci DEFAULT NULL,
  `CI` varchar(50) COLLATE utf8_spanish2_ci DEFAULT NULL,
  `EXPEDIDO_EN` int(11) NOT NULL,
  `LOGO` varchar(500) COLLATE utf8_spanish2_ci DEFAULT NULL,
  `FECHA_REG` timestamp NOT NULL DEFAULT current_timestamp() ON UPDATE current_timestamp(),
  `USER_REG` varchar(350) COLLATE utf8_spanish2_ci DEFAULT NULL,
  `FECHA_MOD` timestamp NOT NULL DEFAULT current_timestamp(),
  `ESTADO` varchar(20) COLLATE utf8_spanish2_ci NOT NULL DEFAULT 'activo',
  `ESTADO_REG` varchar(20) COLLATE utf8_spanish2_ci NOT NULL DEFAULT 'vigente',
  `USER_MOD` varchar(350) COLLATE utf8_spanish2_ci DEFAULT NULL,
  `NIT` varchar(50) COLLATE utf8_spanish2_ci DEFAULT NULL
) ENGINE=InnoDB DEFAULT CHARSET=utf8 COLLATE=utf8_spanish2_ci;

--
-- Volcado de datos para la tabla `aud_empresa`
--

INSERT INTO `aud_empresa` (`ID_EMPRESA`, `NOMBRE`, `SIGLA`, `TELEFONO_FIJO`, `TELEFONO_CEL`, `PAGINA_WEB`, `EMAIL`, `RESPONSABLE`, `CI`, `EXPEDIDO_EN`, `LOGO`, `FECHA_REG`, `USER_REG`, `FECHA_MOD`, `ESTADO`, `ESTADO_REG`, `USER_MOD`, `NIT`) VALUES
(1, 'AUDI', 'AUDI', '00', '00', '00', '00', '00', '00', 2, '513be-scrum_logo.png', '2021-09-17 21:41:56', '#DEINS', '2021-09-17 15:42:41', 'activo', 'vigente', NULL, '11111');

-- --------------------------------------------------------

--
-- Estructura de tabla para la tabla `aud_institucion`
--

CREATE TABLE `aud_institucion` (
  `ID_INSTITUCION` int(11) NOT NULL,
  `INSTITUCION` varchar(500) COLLATE utf8_spanish2_ci NOT NULL,
  `SIGLA` varchar(50) COLLATE utf8_spanish2_ci NOT NULL,
  `CODIGO` varchar(150) COLLATE utf8_spanish2_ci NOT NULL,
  `USER_REG` int(11) NOT NULL,
  `FECHA_REG` timestamp NOT NULL DEFAULT current_timestamp(),
  `USER_MOD` varchar(250) COLLATE utf8_spanish2_ci NOT NULL,
  `FECHA_MOD` timestamp NOT NULL DEFAULT current_timestamp(),
  `ESTADO` varchar(20) COLLATE utf8_spanish2_ci NOT NULL DEFAULT 'activo',
  `ESTADO_REG` varchar(20) COLLATE utf8_spanish2_ci NOT NULL DEFAULT 'vigente'
) ENGINE=InnoDB DEFAULT CHARSET=utf8 COLLATE=utf8_spanish2_ci;

--
-- Volcado de datos para la tabla `aud_institucion`
--

INSERT INTO `aud_institucion` (`ID_INSTITUCION`, `INSTITUCION`, `SIGLA`, `CODIGO`, `USER_REG`, `FECHA_REG`, `USER_MOD`, `FECHA_MOD`, `ESTADO`, `ESTADO_REG`) VALUES
(1, 'IMPUESTOS', 'SIN', 'SIN', 0, '2021-09-16 00:32:16', '', '2021-09-15 18:34:42', 'activo', 'vigente'),
(2, 'MINISTERIO DE TRABAJO', 'MT', 'MT', 0, '2021-09-17 21:43:44', '', '2021-09-17 15:44:07', 'activo', 'vigente'),
(3, 'FUNDEMPRESA', 'FEMP', 'FEMP', 0, '2021-09-17 21:46:28', '', '2021-09-17 15:46:50', 'activo', 'vigente'),
(4, 'ALCALDIA MUNICIPAL', 'HAMC', 'HAMC', 0, '2021-09-17 21:47:29', '', '2021-09-17 15:47:43', 'activo', 'vigente'),
(5, 'NOTARIA', 'NT', 'NT', 0, '2021-09-17 21:47:45', '', '2021-09-17 15:47:58', 'activo', 'vigente');

-- --------------------------------------------------------

--
-- Estructura de tabla para la tabla `aud_menu`
--

CREATE TABLE `aud_menu` (
  `ID_MENU` int(11) NOT NULL,
  `MENU` varchar(400) COLLATE utf8_spanish2_ci NOT NULL,
  `ORDEN` int(11) NOT NULL,
  `ICONO` varchar(200) COLLATE utf8_spanish2_ci NOT NULL DEFAULT 'ti-menu-alt',
  `FECHA_REG` timestamp NOT NULL DEFAULT current_timestamp(),
  `USUARIO_REG` varchar(200) COLLATE utf8_spanish2_ci NOT NULL,
  `FECHA_MOD` timestamp NOT NULL DEFAULT current_timestamp(),
  `ESTADO` varchar(20) COLLATE utf8_spanish2_ci NOT NULL DEFAULT 'activo',
  `ESTADO_REG` varchar(20) COLLATE utf8_spanish2_ci NOT NULL DEFAULT 'vigente',
  `USUARIO_MOD` varchar(200) COLLATE utf8_spanish2_ci NOT NULL
) ENGINE=InnoDB DEFAULT CHARSET=utf8 COLLATE=utf8_spanish2_ci;

--
-- Volcado de datos para la tabla `aud_menu`
--

INSERT INTO `aud_menu` (`ID_MENU`, `MENU`, `ORDEN`, `ICONO`, `FECHA_REG`, `USUARIO_REG`, `FECHA_MOD`, `ESTADO`, `ESTADO_REG`, `USUARIO_MOD`) VALUES
(1, 'PARAMETROS', 1, 'ti-menu-alt', '2021-09-16 17:39:14', '', '2021-09-16 17:39:14', 'activo', 'vigente', ''),
(2, 'Empresa', 0, 'ti-menu-alt', '2021-09-16 20:24:28', '', '2021-09-16 20:24:28', 'activo', 'vigente', ''),
(3, 'Procesos', 2, 'ti-menu-alt', '2021-09-16 20:24:28', '', '2021-09-16 20:24:28', 'activo', 'vigente', '');

-- --------------------------------------------------------

--
-- Estructura de tabla para la tabla `aud_obligacion_tributaria`
--

CREATE TABLE `aud_obligacion_tributaria` (
  `ID_OBLIGACION` int(11) NOT NULL,
  `ID_PERIODO` int(11) NOT NULL,
  `NOMBRE_SIN` varchar(500) COLLATE utf8_spanish2_ci DEFAULT NULL,
  `DESCRIPCION` varchar(500) COLLATE utf8_spanish2_ci DEFAULT NULL,
  `FORMULARIO` varchar(30) COLLATE utf8_spanish2_ci DEFAULT NULL,
  `USER_REG` varchar(350) COLLATE utf8_spanish2_ci DEFAULT NULL,
  `FECHA_REG` timestamp NOT NULL DEFAULT current_timestamp() ON UPDATE current_timestamp(),
  `USER_MOD` varchar(350) COLLATE utf8_spanish2_ci DEFAULT NULL,
  `FECHA_MOD` timestamp NOT NULL DEFAULT current_timestamp(),
  `ESTADO` varchar(20) COLLATE utf8_spanish2_ci NOT NULL DEFAULT 'activo',
  `ESTADO_REG` varchar(20) COLLATE utf8_spanish2_ci NOT NULL DEFAULT 'vigente'
) ENGINE=InnoDB DEFAULT CHARSET=utf8 COLLATE=utf8_spanish2_ci;

--
-- Volcado de datos para la tabla `aud_obligacion_tributaria`
--

INSERT INTO `aud_obligacion_tributaria` (`ID_OBLIGACION`, `ID_PERIODO`, `NOMBRE_SIN`, `DESCRIPCION`, `FORMULARIO`, `USER_REG`, `FECHA_REG`, `USER_MOD`, `FECHA_MOD`, `ESTADO`, `ESTADO_REG`) VALUES
(2, 1, 'LCV', 'LIBRO DE COMPRAS Y VENTAS', '2950', NULL, '2021-09-17 16:16:31', NULL, '2021-09-17 16:16:31', 'activo', 'vigente'),
(3, 1, 'IVA', 'IMPUESTO AL VALOR AGREGADO', '200  ', NULL, '2021-09-17 16:18:15', NULL, '2021-09-17 16:18:15', 'activo', 'vigente'),
(6, 1, 'IT', 'IMPUESTO A LAS TRANSACCIONES', '400  ', NULL, '2021-09-17 16:18:15', NULL, '2021-09-17 16:18:15', 'activo', 'vigente'),
(10, 1, 'AA-IUE', 'ANTICIPO MENSUAL A LA ALICUOTA ADICIONAL AL IMPUESTO A LAS UTILIDADES DE LAS EMPRESAS', '587  ', NULL, '2021-09-17 16:18:15', NULL, '2021-09-17 16:18:15', 'activo', 'vigente'),
(16, 1, 'PP', 'PLAN DE PAGOS', '8000 ', NULL, '2021-09-17 16:18:16', NULL, '2021-09-17 16:18:16', 'activo', 'vigente'),
(15, 2, 'RC-IVA', 'REGIMEN COMPLEMENTARIO DEL IVA - AGENTES DE RETENCION', '610  ', NULL, '2021-09-17 16:27:29', NULL, '2021-09-17 16:18:16', 'activo', 'vigente'),
(5, 3, 'ANUAL', 'LIBRO DE OCMPRAS Y VENTAS', '29501', NULL, '2021-09-17 16:25:27', 'user', '2021-09-17 22:25:24', 'activo', 'vigente'),
(7, 3, 'IUE', 'IMPUESTO A LAS UTILIDADES DE LAS EMPRESAS', '500  ', NULL, '2021-09-17 16:25:49', NULL, '2021-09-17 16:18:15', 'activo', 'vigente'),
(8, 3, 'IUE', 'IUE- CTBTES. QUE EJERCEN PROFESIONES LIBERALES U OFICIOS', '510  ', NULL, '2021-09-17 16:25:54', NULL, '2021-09-17 16:18:15', 'activo', 'vigente'),
(9, 3, 'AA-IUE', 'ALICUOTA ADICIONAL A IMPUESTO A LAS UTILIDADES DE LAS EMPRESAS', '585  ', NULL, '2021-09-17 16:26:07', NULL, '2021-09-17 16:18:15', 'activo', 'vigente'),
(11, 3, 'AA-IUE', 'DETERMINACION DEL ANTICIPO A LA ALICUOTA ADICIONAL - AL IUE', '588  ', NULL, '2021-09-17 16:26:20', NULL, '2021-09-17 16:18:15', 'activo', 'vigente'),
(12, 3, 'IUE', 'ALICUOTA ADICIONAL A LAS UTILIDADES', '595  ', NULL, '2021-09-17 16:26:34', NULL, '2021-09-17 16:18:16', 'activo', 'vigente'),
(13, 3, 'IUE', 'IMPUESTO SOBRE LAS UTILIDADES DE LAS EMPRESAS - SECTOR MINERO', '598  ', NULL, '2021-09-17 16:26:38', NULL, '2021-09-17 16:18:16', 'activo', 'vigente'),
(14, 3, 'RC-IVA', 'REGIMEN COMPLEMENTARIO DEL IVA - AGENTES DE RETENCION', '608  ', NULL, '2021-09-17 16:26:49', NULL, '2021-09-17 16:18:16', 'activo', 'vigente');

-- --------------------------------------------------------

--
-- Estructura de tabla para la tabla `aud_pais`
--

CREATE TABLE `aud_pais` (
  `ID_PAIS` int(11) NOT NULL,
  `PAIS` varchar(250) COLLATE utf8_spanish2_ci DEFAULT NULL,
  `BANDERA` varchar(500) COLLATE utf8_spanish2_ci DEFAULT 'ti-flag-alt-2',
  `CODIGO_PAIS` varchar(50) COLLATE utf8_spanish2_ci DEFAULT NULL,
  `FECHA_REG` timestamp NOT NULL DEFAULT current_timestamp() ON UPDATE current_timestamp(),
  `USER_REG` varchar(350) COLLATE utf8_spanish2_ci DEFAULT NULL,
  `USER_MOD` varchar(350) COLLATE utf8_spanish2_ci DEFAULT NULL,
  `FECHA_MOD` timestamp NOT NULL DEFAULT current_timestamp(),
  `ESTADO` varchar(20) COLLATE utf8_spanish2_ci NOT NULL DEFAULT 'activo',
  `ESTADO_REG` varchar(20) COLLATE utf8_spanish2_ci NOT NULL DEFAULT 'vigente'
) ENGINE=InnoDB DEFAULT CHARSET=utf8 COLLATE=utf8_spanish2_ci;

--
-- Volcado de datos para la tabla `aud_pais`
--

INSERT INTO `aud_pais` (`ID_PAIS`, `PAIS`, `BANDERA`, `CODIGO_PAIS`, `FECHA_REG`, `USER_REG`, `USER_MOD`, `FECHA_MOD`, `ESTADO`, `ESTADO_REG`) VALUES
(1, 'Bolivia', 'fas fa-cog', 'ARG', '2021-09-17 17:55:35', '#DEINS', '#DEINS', '2021-09-15 22:07:36', 'activo', 'vigente'),
(2, 'Bolivia', 'fa fa-cog', 'BO', '2021-09-15 16:10:30', '#DEINS', '#DEINS', '2021-09-15 22:09:56', 'activo', 'vigente');

-- --------------------------------------------------------

--
-- Estructura de tabla para la tabla `aud_periodo`
--

CREATE TABLE `aud_periodo` (
  `ID_PERIODO` int(11) NOT NULL,
  `PERIODO` varchar(100) COLLATE utf8_spanish2_ci DEFAULT NULL,
  `FECHA_REG` timestamp NOT NULL DEFAULT current_timestamp() ON UPDATE current_timestamp(),
  `USER_REG` varchar(350) COLLATE utf8_spanish2_ci DEFAULT NULL,
  `USER_MOD` varchar(350) COLLATE utf8_spanish2_ci DEFAULT NULL,
  `FECHA_MOD` timestamp NOT NULL DEFAULT current_timestamp(),
  `ESTADO` varchar(20) COLLATE utf8_spanish2_ci NOT NULL DEFAULT 'activo',
  `ESTADO_REG` varchar(20) COLLATE utf8_spanish2_ci NOT NULL DEFAULT 'vigente',
  `CODIGO_PERIODO` varchar(50) COLLATE utf8_spanish2_ci DEFAULT NULL
) ENGINE=InnoDB DEFAULT CHARSET=utf8 COLLATE=utf8_spanish2_ci;

--
-- Volcado de datos para la tabla `aud_periodo`
--

INSERT INTO `aud_periodo` (`ID_PERIODO`, `PERIODO`, `FECHA_REG`, `USER_REG`, `USER_MOD`, `FECHA_MOD`, `ESTADO`, `ESTADO_REG`, `CODIGO_PERIODO`) VALUES
(1, 'MENSUAL', '2021-09-15 18:19:46', '#DEINS', '#DEINS', '2021-09-15 22:07:26', 'activo', 'vigente', 'ENERO'),
(2, 'TRIMESTRAL', '2021-09-17 22:09:08', '#DEINS', NULL, '2021-09-17 16:09:26', 'activo', 'vigente', 'TRI'),
(3, 'ANUAL', '2021-09-17 22:09:28', '#DEINS', NULL, '2021-09-17 16:09:36', 'activo', 'vigente', 'AÑO');

-- --------------------------------------------------------

--
-- Estructura de tabla para la tabla `aud_privilegio`
--

CREATE TABLE `aud_privilegio` (
  `ID_PRIVILEGIO` int(11) NOT NULL,
  `ID_MENU` int(11) NOT NULL,
  `PRIVILEGIO` varchar(200) COLLATE utf8_spanish2_ci NOT NULL,
  `URI` varchar(500) COLLATE utf8_spanish2_ci NOT NULL,
  `DESCRIPCION` varchar(500) COLLATE utf8_spanish2_ci NOT NULL,
  `ORDEN` int(11) NOT NULL DEFAULT 0,
  `ICONO` varchar(50) COLLATE utf8_spanish2_ci NOT NULL DEFAULT 'ti-check-box',
  `FECHA_REG` timestamp NOT NULL DEFAULT current_timestamp(),
  `USER_REG` varchar(200) COLLATE utf8_spanish2_ci NOT NULL,
  `FECHA_MOD` timestamp NOT NULL DEFAULT current_timestamp(),
  `ESTADO` varchar(20) COLLATE utf8_spanish2_ci NOT NULL DEFAULT 'activo',
  `ESTADO_REG` varchar(20) COLLATE utf8_spanish2_ci NOT NULL DEFAULT 'vigente',
  `USER_MOD` varchar(200) COLLATE utf8_spanish2_ci NOT NULL
) ENGINE=InnoDB DEFAULT CHARSET=utf8 COLLATE=utf8_spanish2_ci;

--
-- Volcado de datos para la tabla `aud_privilegio`
--

INSERT INTO `aud_privilegio` (`ID_PRIVILEGIO`, `ID_MENU`, `PRIVILEGIO`, `URI`, `DESCRIPCION`, `ORDEN`, `ICONO`, `FECHA_REG`, `USER_REG`, `FECHA_MOD`, `ESTADO`, `ESTADO_REG`, `USER_MOD`) VALUES
(1, 2, 'EMPRESA', 'Dashboard/Empresa', 'CRUD DE EMPRESA', 1, 'ti-check-box', '2021-09-16 17:28:25', '', '2021-09-17 14:07:53', 'activo', 'vigente', 'vigente'),
(2, 1, 'REGISTRO USUARIOS', 'Dashboard/usuario', 'CRUD USUARIOS', 2, 'ti-check-box', '2021-09-16 17:29:58', '', '2021-09-17 14:07:53', 'activo', 'vigente', ''),
(3, 1, 'REGISRO CLIENTES', 'Dashboard/cliente', 'Crud Clientes', 1, 'ti-check-box', '2021-09-17 02:21:02', 'user', '2021-09-17 02:23:47', 'activo', 'vigente', 'user'),
(4, 2, 'REGISTRO USUARIOS', 'Dashboard/usuario', 'REGISTRO USUARIOS', 1, 'ti-check-box', '2021-09-16 20:26:50', '', '2021-09-16 20:26:50', 'activo', 'vigente', ''),
(5, 1, 'REGISTRO INSTITUCION', 'Dashboard/institucion', 'REGISTRO INSTITUCION', 2, 'ti-check-box', '2021-09-16 20:26:50', '', '2021-09-16 20:26:50', 'activo', 'vigente', ''),
(6, 1, 'REGISTRO OBLIGACION', 'Dashboard/obligacion', 'REGISTRO OBLIGACION', 3, 'ti-check-box', '2021-09-16 20:26:50', '', '2021-09-16 20:26:50', 'activo', 'vigente', ''),
(7, 1, 'REGISTRO SOCIEDAD', 'Dashboard/sociedad', 'REGISTRO SOCIEDAD', 3, 'ti-check-box', '2021-09-16 20:26:50', '', '2021-09-16 20:26:50', 'activo', 'vigente', ''),
(8, 1, 'REGISTRO REGIMEN', 'Dashboard/regimen', 'REGISTRO REGIMEN', 3, 'ti-check-box', '2021-09-16 20:26:50', '', '2021-09-16 20:26:50', 'activo', 'vigente', ''),
(9, 1, 'REGISTRO ACTIVIDAD', 'Dashboard/actividad', 'REGISTRO ACTIVIDAD', 3, 'ti-check-box', '2021-09-16 20:26:50', '', '2021-09-16 20:26:50', 'activo', 'vigente', ''),
(10, 1, 'REGISTRO PERIODO', 'Dashboard/periodo', 'REGISTRO PERIODO', 3, 'ti-check-box', '2021-09-16 20:26:50', '', '2021-09-16 20:26:50', 'activo', 'vigente', ''),
(11, 1, 'REGISTRO CERTIFICADOS', 'Dashboard/certificado', 'REGISTRO CERTIFICADOS', 3, 'ti-check-box', '2021-09-16 20:26:50', '', '2021-09-16 20:26:50', 'activo', 'vigente', '');

-- --------------------------------------------------------

--
-- Estructura de tabla para la tabla `aud_privilegio_rol`
--

CREATE TABLE `aud_privilegio_rol` (
  `ID_PRIV_ROL` int(11) NOT NULL,
  `ID_ROL` int(11) NOT NULL,
  `ID_PRIVILEGIO` int(11) NOT NULL
) ENGINE=InnoDB DEFAULT CHARSET=utf8 COLLATE=utf8_spanish2_ci;

--
-- Volcado de datos para la tabla `aud_privilegio_rol`
--

INSERT INTO `aud_privilegio_rol` (`ID_PRIV_ROL`, `ID_ROL`, `ID_PRIVILEGIO`) VALUES
(1, 1, 1),
(2, 1, 2),
(3, 2, 1),
(4, 1, 3),
(5, 1, 4),
(6, 1, 5),
(7, 1, 6),
(8, 1, 7),
(9, 1, 8),
(10, 1, 9),
(11, 1, 10),
(12, 1, 11);

-- --------------------------------------------------------

--
-- Estructura de tabla para la tabla `aud_regimen`
--

CREATE TABLE `aud_regimen` (
  `ID_REGIMEN` int(11) NOT NULL,
  `REGIMEN` varchar(500) COLLATE utf8_spanish2_ci DEFAULT NULL,
  `FECHA_REG` timestamp NOT NULL DEFAULT current_timestamp() ON UPDATE current_timestamp(),
  `USER_REG` varchar(350) COLLATE utf8_spanish2_ci DEFAULT NULL,
  `USER_MOD` varchar(350) COLLATE utf8_spanish2_ci DEFAULT NULL,
  `FECHA_MOD` timestamp NOT NULL DEFAULT current_timestamp(),
  `ESTADO` varchar(20) COLLATE utf8_spanish2_ci NOT NULL DEFAULT 'activo',
  `ESTADO_REG` varchar(20) COLLATE utf8_spanish2_ci NOT NULL DEFAULT 'vigente'
) ENGINE=InnoDB DEFAULT CHARSET=utf8 COLLATE=utf8_spanish2_ci;

--
-- Volcado de datos para la tabla `aud_regimen`
--

INSERT INTO `aud_regimen` (`ID_REGIMEN`, `REGIMEN`, `FECHA_REG`, `USER_REG`, `USER_MOD`, `FECHA_MOD`, `ESTADO`, `ESTADO_REG`) VALUES
(1, 'Regimen General', '2021-09-17 18:11:08', 'user', 'user', '2021-09-15 21:54:33', 'activo', 'vigente');

-- --------------------------------------------------------

--
-- Estructura de tabla para la tabla `aud_reg_actividad`
--

CREATE TABLE `aud_reg_actividad` (
  `ID` int(11) NOT NULL,
  `CODIGO_ACTIVIDAD` varchar(50) COLLATE utf8_spanish2_ci DEFAULT NULL,
  `FECHA_REGISTRO` date DEFAULT NULL,
  `PERIODO_VENCIMIENTO_DIAS` int(11) DEFAULT NULL,
  `NIT` varchar(50) COLLATE utf8_spanish2_ci DEFAULT NULL,
  `FECHA_REG` timestamp NOT NULL DEFAULT current_timestamp() ON UPDATE current_timestamp(),
  `USER_REG` varchar(350) COLLATE utf8_spanish2_ci DEFAULT NULL,
  `USER_MOD` varchar(350) COLLATE utf8_spanish2_ci DEFAULT NULL,
  `FECHA_MOD` timestamp NOT NULL DEFAULT current_timestamp(),
  `ESTADO` varchar(20) COLLATE utf8_spanish2_ci NOT NULL DEFAULT 'activo',
  `ESTADO_REG` varchar(20) COLLATE utf8_spanish2_ci NOT NULL DEFAULT 'vigente'
) ENGINE=InnoDB DEFAULT CHARSET=utf8 COLLATE=utf8_spanish2_ci;

-- --------------------------------------------------------

--
-- Estructura de tabla para la tabla `aud_rol`
--

CREATE TABLE `aud_rol` (
  `ID_ROL` int(11) NOT NULL,
  `ROL` varchar(200) COLLATE utf8_spanish2_ci NOT NULL,
  `DESCRIPCION` varchar(500) COLLATE utf8_spanish2_ci NOT NULL,
  `CODE` varchar(5) COLLATE utf8_spanish2_ci NOT NULL DEFAULT 'NN',
  `FECHA_REG` timestamp NOT NULL DEFAULT current_timestamp(),
  `USER_REG` varchar(200) COLLATE utf8_spanish2_ci NOT NULL,
  `FECHA_MOD` timestamp NOT NULL DEFAULT current_timestamp(),
  `ESTADO` varchar(20) COLLATE utf8_spanish2_ci NOT NULL DEFAULT 'activo',
  `ESTADO_REG` varchar(20) COLLATE utf8_spanish2_ci NOT NULL DEFAULT 'vigente',
  `USER_MOD` varchar(200) COLLATE utf8_spanish2_ci NOT NULL
) ENGINE=InnoDB DEFAULT CHARSET=utf8 COLLATE=utf8_spanish2_ci;

--
-- Volcado de datos para la tabla `aud_rol`
--

INSERT INTO `aud_rol` (`ID_ROL`, `ROL`, `DESCRIPCION`, `CODE`, `FECHA_REG`, `USER_REG`, `FECHA_MOD`, `ESTADO`, `ESTADO_REG`, `USER_MOD`) VALUES
(1, 'Administrador', 'Rol de administracion', 'AD', '2021-09-16 17:31:19', '', '2021-09-16 17:31:19', 'activo', 'vigente', ''),
(2, 'Operador', 'Rol Operador', 'OP', '2021-09-17 01:29:08', 'user', '2021-09-17 01:52:11', 'activo', 'vigente', 'user');

-- --------------------------------------------------------

--
-- Estructura de tabla para la tabla `aud_rol_usuario`
--

CREATE TABLE `aud_rol_usuario` (
  `ID_ROL_USR` int(11) NOT NULL,
  `ID_ROL` int(11) NOT NULL,
  `ID_USUARIO` int(11) NOT NULL
) ENGINE=InnoDB DEFAULT CHARSET=utf8 COLLATE=utf8_spanish2_ci;

--
-- Volcado de datos para la tabla `aud_rol_usuario`
--

INSERT INTO `aud_rol_usuario` (`ID_ROL_USR`, `ID_ROL`, `ID_USUARIO`) VALUES
(1, 1, 1);

-- --------------------------------------------------------

--
-- Estructura de tabla para la tabla `aud_sociedad`
--

CREATE TABLE `aud_sociedad` (
  `ID_SOCIEDAD` int(11) NOT NULL,
  `ID_CLIENTE` int(11) DEFAULT NULL,
  `SOCIEDAD` varchar(550) COLLATE utf8_spanish2_ci DEFAULT NULL,
  `FECHA_REG` timestamp NOT NULL DEFAULT current_timestamp() ON UPDATE current_timestamp(),
  `USER_REG` varchar(350) COLLATE utf8_spanish2_ci DEFAULT NULL,
  `USER_MOD` varchar(350) COLLATE utf8_spanish2_ci DEFAULT NULL,
  `FECHA_MOD` timestamp NOT NULL DEFAULT current_timestamp(),
  `ESTADO` varchar(20) COLLATE utf8_spanish2_ci NOT NULL DEFAULT 'activo',
  `ESTADO_REG` varchar(20) COLLATE utf8_spanish2_ci NOT NULL DEFAULT 'vigente',
  `CODIGO_SOCIEDAD` varchar(50) COLLATE utf8_spanish2_ci DEFAULT NULL
) ENGINE=InnoDB DEFAULT CHARSET=utf8 COLLATE=utf8_spanish2_ci;

--
-- Volcado de datos para la tabla `aud_sociedad`
--

INSERT INTO `aud_sociedad` (`ID_SOCIEDAD`, `ID_CLIENTE`, `SOCIEDAD`, `FECHA_REG`, `USER_REG`, `USER_MOD`, `FECHA_MOD`, `ESTADO`, `ESTADO_REG`, `CODIGO_SOCIEDAD`) VALUES
(1, NULL, 'EMP. UNIPERSONAL', '2021-09-17 17:51:59', 'user', 'user', '2021-09-17 23:51:50', 'activo', 'vigente', 'UNIP'),
(2, NULL, 'Persona Natural', '2021-09-15 19:57:13', 'user', 'user', '2021-09-16 01:56:49', 'activo', 'vigente', 'PN'),
(3, NULL, 'PROFESIONAL INDEPENDIENTE', '2021-09-17 23:52:15', 'user', NULL, '2021-09-17 17:52:22', 'activo', 'vigente', 'PI'),
(4, NULL, 'SOCIEDAD DE RESPONSABILIDAD LIMITADAD', '2021-09-17 23:52:25', 'user', NULL, '2021-09-17 17:52:35', 'activo', 'vigente', 'SRL');

-- --------------------------------------------------------

--
-- Estructura de tabla para la tabla `aud_telefono`
--

CREATE TABLE `aud_telefono` (
  `ID_CLIENTE` int(11) NOT NULL,
  `ID_TELEFONO` int(11) NOT NULL,
  `TELEFONO` varchar(50) COLLATE utf8_spanish2_ci DEFAULT NULL,
  `TIPO` varchar(50) COLLATE utf8_spanish2_ci DEFAULT NULL,
  `_DEFAULT` char(1) COLLATE utf8_spanish2_ci DEFAULT NULL,
  `FECHA_REG` timestamp NOT NULL DEFAULT current_timestamp() ON UPDATE current_timestamp(),
  `USER_REG` varchar(350) COLLATE utf8_spanish2_ci DEFAULT NULL,
  `USER_MOD` varchar(350) COLLATE utf8_spanish2_ci DEFAULT NULL,
  `FECHA_MOD` timestamp NOT NULL DEFAULT current_timestamp(),
  `ESTADO` varchar(20) COLLATE utf8_spanish2_ci NOT NULL DEFAULT 'activo',
  `ESTADO_REG` varchar(20) COLLATE utf8_spanish2_ci NOT NULL DEFAULT 'vigente'
) ENGINE=InnoDB DEFAULT CHARSET=utf8 COLLATE=utf8_spanish2_ci;

-- --------------------------------------------------------

--
-- Estructura de tabla para la tabla `aud_usuario`
--

CREATE TABLE `aud_usuario` (
  `ID_USUARIO` int(11) NOT NULL,
  `NOMBRE_PROPIO` varchar(250) COLLATE utf8_spanish2_ci NOT NULL,
  `APELLIDOS` varchar(250) COLLATE utf8_spanish2_ci NOT NULL,
  `USERNAME` varchar(250) COLLATE utf8_spanish2_ci NOT NULL,
  `PASSWORD` varchar(250) COLLATE utf8_spanish2_ci NOT NULL,
  `EMAIL` varchar(250) COLLATE utf8_spanish2_ci NOT NULL,
  `FOTO` text COLLATE utf8_spanish2_ci NOT NULL,
  `FECHA_REG` timestamp NOT NULL DEFAULT current_timestamp(),
  `USER_REG` varchar(250) COLLATE utf8_spanish2_ci NOT NULL,
  `FECHA_MOD` timestamp NOT NULL DEFAULT current_timestamp(),
  `ESTADO` varchar(20) COLLATE utf8_spanish2_ci NOT NULL DEFAULT 'activo',
  `ESTADO_REG` varchar(20) COLLATE utf8_spanish2_ci NOT NULL DEFAULT 'vigente',
  `USER_MOD` varchar(250) COLLATE utf8_spanish2_ci NOT NULL
) ENGINE=InnoDB DEFAULT CHARSET=utf8 COLLATE=utf8_spanish2_ci;

--
-- Volcado de datos para la tabla `aud_usuario`
--

INSERT INTO `aud_usuario` (`ID_USUARIO`, `NOMBRE_PROPIO`, `APELLIDOS`, `USERNAME`, `PASSWORD`, `EMAIL`, `FOTO`, `FECHA_REG`, `USER_REG`, `FECHA_MOD`, `ESTADO`, `ESTADO_REG`, `USER_MOD`) VALUES
(1, 'Juan', 'Perez Soto', 'admin123', '0192023a7bbd73250516f069df18b500', 'juan@juan.com', '11aaa-2393352.png', '2021-09-16 21:49:31', '#DENIS', '2021-09-17 21:10:57', 'activo', 'vigente', '#DENIS');

-- --------------------------------------------------------

--
-- Estructura de tabla para la tabla `aud_vencimientos`
--

CREATE TABLE `aud_vencimientos` (
  `ID_VENCIMIENTO` int(11) NOT NULL,
  `FECHA_VENCIMIENTO` varchar(10) COLLATE utf8_spanish2_ci NOT NULL,
  `NUMERO_TERMINACION` varchar(10) COLLATE utf8_spanish2_ci NOT NULL,
  `FECHA_REG` timestamp NOT NULL DEFAULT current_timestamp(),
  `USER_REG` varchar(250) COLLATE utf8_spanish2_ci NOT NULL,
  `FECHA_MOD` timestamp NOT NULL DEFAULT current_timestamp(),
  `ESTADO` varchar(20) COLLATE utf8_spanish2_ci NOT NULL DEFAULT 'activo',
  `ESTADO_REG` varchar(20) COLLATE utf8_spanish2_ci NOT NULL DEFAULT 'vigente',
  `USER_MOD` varchar(250) COLLATE utf8_spanish2_ci NOT NULL
) ENGINE=InnoDB DEFAULT CHARSET=utf8 COLLATE=utf8_spanish2_ci;

--
-- Índices para tablas volcadas
--

--
-- Indices de la tabla `aud_actividad`
--
ALTER TABLE `aud_actividad`
  ADD PRIMARY KEY (`ID_ACTIVIDAD`);

--
-- Indices de la tabla `aud_archivo`
--
ALTER TABLE `aud_archivo`
  ADD PRIMARY KEY (`ID_ARCHIVO`);

--
-- Indices de la tabla `aud_certificados`
--
ALTER TABLE `aud_certificados`
  ADD PRIMARY KEY (`ID_CERTIFICADO`);

--
-- Indices de la tabla `aud_ciudad`
--
ALTER TABLE `aud_ciudad`
  ADD PRIMARY KEY (`ID_PAIS`,`ID_CIUDAD`),
  ADD KEY `AK_KID_CIUDAD` (`ID_CIUDAD`);

--
-- Indices de la tabla `aud_cliente`
--
ALTER TABLE `aud_cliente`
  ADD PRIMARY KEY (`ID_CLIENTE`),
  ADD KEY `FK_R4` (`ID_SOCIEDAD`) USING BTREE;

--
-- Indices de la tabla `aud_cliente_actividad`
--
ALTER TABLE `aud_cliente_actividad`
  ADD PRIMARY KEY (`ID_CLI_ACT`),
  ADD KEY `FK_R2` (`ID_ACTIVIDAD`),
  ADD KEY `FK_R8` (`ID_CLIENTE`);

--
-- Indices de la tabla `aud_cliente_archivo`
--
ALTER TABLE `aud_cliente_archivo`
  ADD PRIMARY KEY (`ID_CLIENTE`,`ID_ARCHIVO`,`ID_CLI_ARCHIVO`),
  ADD KEY `AK_KID_CLI_ARCHIVO` (`ID_CLI_ARCHIVO`),
  ADD KEY `FK_R17` (`ID_ARCHIVO`);

--
-- Indices de la tabla `aud_cliente_certificado`
--
ALTER TABLE `aud_cliente_certificado`
  ADD PRIMARY KEY (`ID_CLIENTE`,`ID_CERTIFICADO`,`ID_CLI_CERT`),
  ADD KEY `AK_KID_CLI_CERT` (`ID_CLI_CERT`),
  ADD KEY `FK_R19` (`ID_CERTIFICADO`);

--
-- Indices de la tabla `aud_cliente_empresa`
--
ALTER TABLE `aud_cliente_empresa`
  ADD PRIMARY KEY (`ID_EMPRESA`,`ID_CLIENTE`,`ID_CLI_EMP`),
  ADD KEY `AK_KID_CLI_EMP` (`ID_CLI_EMP`),
  ADD KEY `FK_R11` (`ID_CLIENTE`);

--
-- Indices de la tabla `aud_cliente_obligacion`
--
ALTER TABLE `aud_cliente_obligacion`
  ADD PRIMARY KEY (`ID_PERIODO`,`ID_CLIENTE`,`ID_OBLIGACION`,`ID_CLI_OBL`),
  ADD KEY `AK_KID_CLI_OBL` (`ID_CLI_OBL`),
  ADD KEY `FK_R13` (`ID_CLIENTE`),
  ADD KEY `FK_R20` (`ID_PERIODO`,`ID_OBLIGACION`);

--
-- Indices de la tabla `aud_direccion`
--
ALTER TABLE `aud_direccion`
  ADD PRIMARY KEY (`ID_CLIENTE`,`ID_DIRECCION`),
  ADD KEY `AK_KID_DIRECCION` (`ID_DIRECCION`);

--
-- Indices de la tabla `aud_empresa`
--
ALTER TABLE `aud_empresa`
  ADD PRIMARY KEY (`ID_EMPRESA`);

--
-- Indices de la tabla `aud_institucion`
--
ALTER TABLE `aud_institucion`
  ADD PRIMARY KEY (`ID_INSTITUCION`);

--
-- Indices de la tabla `aud_menu`
--
ALTER TABLE `aud_menu`
  ADD PRIMARY KEY (`ID_MENU`);

--
-- Indices de la tabla `aud_obligacion_tributaria`
--
ALTER TABLE `aud_obligacion_tributaria`
  ADD PRIMARY KEY (`ID_PERIODO`,`ID_OBLIGACION`),
  ADD KEY `AK_KID_OBLIGACION` (`ID_OBLIGACION`);

--
-- Indices de la tabla `aud_pais`
--
ALTER TABLE `aud_pais`
  ADD PRIMARY KEY (`ID_PAIS`);

--
-- Indices de la tabla `aud_periodo`
--
ALTER TABLE `aud_periodo`
  ADD PRIMARY KEY (`ID_PERIODO`);

--
-- Indices de la tabla `aud_privilegio`
--
ALTER TABLE `aud_privilegio`
  ADD PRIMARY KEY (`ID_PRIVILEGIO`);

--
-- Indices de la tabla `aud_privilegio_rol`
--
ALTER TABLE `aud_privilegio_rol`
  ADD PRIMARY KEY (`ID_PRIV_ROL`);

--
-- Indices de la tabla `aud_regimen`
--
ALTER TABLE `aud_regimen`
  ADD PRIMARY KEY (`ID_REGIMEN`);

--
-- Indices de la tabla `aud_reg_actividad`
--
ALTER TABLE `aud_reg_actividad`
  ADD PRIMARY KEY (`ID`);

--
-- Indices de la tabla `aud_rol`
--
ALTER TABLE `aud_rol`
  ADD PRIMARY KEY (`ID_ROL`);

--
-- Indices de la tabla `aud_rol_usuario`
--
ALTER TABLE `aud_rol_usuario`
  ADD PRIMARY KEY (`ID_ROL_USR`);

--
-- Indices de la tabla `aud_sociedad`
--
ALTER TABLE `aud_sociedad`
  ADD PRIMARY KEY (`ID_SOCIEDAD`);

--
-- Indices de la tabla `aud_telefono`
--
ALTER TABLE `aud_telefono`
  ADD PRIMARY KEY (`ID_CLIENTE`,`ID_TELEFONO`),
  ADD KEY `AK_KID_TELEFONO` (`ID_TELEFONO`);

--
-- Indices de la tabla `aud_usuario`
--
ALTER TABLE `aud_usuario`
  ADD PRIMARY KEY (`ID_USUARIO`);

--
-- Indices de la tabla `aud_vencimientos`
--
ALTER TABLE `aud_vencimientos`
  ADD PRIMARY KEY (`ID_VENCIMIENTO`);

--
-- AUTO_INCREMENT de las tablas volcadas
--

--
-- AUTO_INCREMENT de la tabla `aud_actividad`
--
ALTER TABLE `aud_actividad`
  MODIFY `ID_ACTIVIDAD` int(11) NOT NULL AUTO_INCREMENT, AUTO_INCREMENT=163;

--
-- AUTO_INCREMENT de la tabla `aud_archivo`
--
ALTER TABLE `aud_archivo`
  MODIFY `ID_ARCHIVO` int(11) NOT NULL AUTO_INCREMENT;

--
-- AUTO_INCREMENT de la tabla `aud_certificados`
--
ALTER TABLE `aud_certificados`
  MODIFY `ID_CERTIFICADO` int(11) NOT NULL AUTO_INCREMENT, AUTO_INCREMENT=7;

--
-- AUTO_INCREMENT de la tabla `aud_ciudad`
--
ALTER TABLE `aud_ciudad`
  MODIFY `ID_CIUDAD` int(11) NOT NULL AUTO_INCREMENT, AUTO_INCREMENT=10;

--
-- AUTO_INCREMENT de la tabla `aud_cliente`
--
ALTER TABLE `aud_cliente`
  MODIFY `ID_CLIENTE` int(11) NOT NULL AUTO_INCREMENT, AUTO_INCREMENT=96;

--
-- AUTO_INCREMENT de la tabla `aud_cliente_actividad`
--
ALTER TABLE `aud_cliente_actividad`
  MODIFY `ID_CLI_ACT` int(11) NOT NULL AUTO_INCREMENT;

--
-- AUTO_INCREMENT de la tabla `aud_cliente_archivo`
--
ALTER TABLE `aud_cliente_archivo`
  MODIFY `ID_CLI_ARCHIVO` int(11) NOT NULL AUTO_INCREMENT;

--
-- AUTO_INCREMENT de la tabla `aud_cliente_certificado`
--
ALTER TABLE `aud_cliente_certificado`
  MODIFY `ID_CLI_CERT` int(11) NOT NULL AUTO_INCREMENT;

--
-- AUTO_INCREMENT de la tabla `aud_cliente_empresa`
--
ALTER TABLE `aud_cliente_empresa`
  MODIFY `ID_CLI_EMP` int(11) NOT NULL AUTO_INCREMENT;

--
-- AUTO_INCREMENT de la tabla `aud_cliente_obligacion`
--
ALTER TABLE `aud_cliente_obligacion`
  MODIFY `ID_CLI_OBL` int(11) NOT NULL AUTO_INCREMENT;

--
-- AUTO_INCREMENT de la tabla `aud_direccion`
--
ALTER TABLE `aud_direccion`
  MODIFY `ID_DIRECCION` int(11) NOT NULL AUTO_INCREMENT;

--
-- AUTO_INCREMENT de la tabla `aud_empresa`
--
ALTER TABLE `aud_empresa`
  MODIFY `ID_EMPRESA` int(11) NOT NULL AUTO_INCREMENT, AUTO_INCREMENT=2;

--
-- AUTO_INCREMENT de la tabla `aud_institucion`
--
ALTER TABLE `aud_institucion`
  MODIFY `ID_INSTITUCION` int(11) NOT NULL AUTO_INCREMENT, AUTO_INCREMENT=6;

--
-- AUTO_INCREMENT de la tabla `aud_menu`
--
ALTER TABLE `aud_menu`
  MODIFY `ID_MENU` int(11) NOT NULL AUTO_INCREMENT, AUTO_INCREMENT=4;

--
-- AUTO_INCREMENT de la tabla `aud_obligacion_tributaria`
--
ALTER TABLE `aud_obligacion_tributaria`
  MODIFY `ID_OBLIGACION` int(11) NOT NULL AUTO_INCREMENT, AUTO_INCREMENT=18;

--
-- AUTO_INCREMENT de la tabla `aud_pais`
--
ALTER TABLE `aud_pais`
  MODIFY `ID_PAIS` int(11) NOT NULL AUTO_INCREMENT, AUTO_INCREMENT=5;

--
-- AUTO_INCREMENT de la tabla `aud_periodo`
--
ALTER TABLE `aud_periodo`
  MODIFY `ID_PERIODO` int(11) NOT NULL AUTO_INCREMENT, AUTO_INCREMENT=4;

--
-- AUTO_INCREMENT de la tabla `aud_privilegio`
--
ALTER TABLE `aud_privilegio`
  MODIFY `ID_PRIVILEGIO` int(11) NOT NULL AUTO_INCREMENT, AUTO_INCREMENT=12;

--
-- AUTO_INCREMENT de la tabla `aud_privilegio_rol`
--
ALTER TABLE `aud_privilegio_rol`
  MODIFY `ID_PRIV_ROL` int(11) NOT NULL AUTO_INCREMENT, AUTO_INCREMENT=13;

--
-- AUTO_INCREMENT de la tabla `aud_regimen`
--
ALTER TABLE `aud_regimen`
  MODIFY `ID_REGIMEN` int(11) NOT NULL AUTO_INCREMENT, AUTO_INCREMENT=2;

--
-- AUTO_INCREMENT de la tabla `aud_reg_actividad`
--
ALTER TABLE `aud_reg_actividad`
  MODIFY `ID` int(11) NOT NULL AUTO_INCREMENT;

--
-- AUTO_INCREMENT de la tabla `aud_rol`
--
ALTER TABLE `aud_rol`
  MODIFY `ID_ROL` int(11) NOT NULL AUTO_INCREMENT, AUTO_INCREMENT=3;

--
-- AUTO_INCREMENT de la tabla `aud_rol_usuario`
--
ALTER TABLE `aud_rol_usuario`
  MODIFY `ID_ROL_USR` int(11) NOT NULL AUTO_INCREMENT, AUTO_INCREMENT=2;

--
-- AUTO_INCREMENT de la tabla `aud_sociedad`
--
ALTER TABLE `aud_sociedad`
  MODIFY `ID_SOCIEDAD` int(11) NOT NULL AUTO_INCREMENT, AUTO_INCREMENT=5;

--
-- AUTO_INCREMENT de la tabla `aud_telefono`
--
ALTER TABLE `aud_telefono`
  MODIFY `ID_TELEFONO` int(11) NOT NULL AUTO_INCREMENT;

--
-- AUTO_INCREMENT de la tabla `aud_usuario`
--
ALTER TABLE `aud_usuario`
  MODIFY `ID_USUARIO` int(11) NOT NULL AUTO_INCREMENT, AUTO_INCREMENT=2;

--
-- AUTO_INCREMENT de la tabla `aud_vencimientos`
--
ALTER TABLE `aud_vencimientos`
  MODIFY `ID_VENCIMIENTO` int(11) NOT NULL AUTO_INCREMENT;

--
-- Restricciones para tablas volcadas
--

--
-- Filtros para la tabla `aud_ciudad`
--
ALTER TABLE `aud_ciudad`
  ADD CONSTRAINT `FK_R10` FOREIGN KEY (`ID_PAIS`) REFERENCES `aud_pais` (`ID_PAIS`);

--
-- Filtros para la tabla `aud_cliente_actividad`
--
ALTER TABLE `aud_cliente_actividad`
  ADD CONSTRAINT `FK_R2` FOREIGN KEY (`ID_ACTIVIDAD`) REFERENCES `aud_actividad` (`ID_ACTIVIDAD`),
  ADD CONSTRAINT `FK_R8` FOREIGN KEY (`ID_CLIENTE`) REFERENCES `aud_cliente` (`ID_CLIENTE`);

--
-- Filtros para la tabla `aud_cliente_archivo`
--
ALTER TABLE `aud_cliente_archivo`
  ADD CONSTRAINT `FK_R17` FOREIGN KEY (`ID_ARCHIVO`) REFERENCES `aud_archivo` (`ID_ARCHIVO`),
  ADD CONSTRAINT `FK_R18` FOREIGN KEY (`ID_CLIENTE`) REFERENCES `aud_cliente` (`ID_CLIENTE`);

--
-- Filtros para la tabla `aud_cliente_certificado`
--
ALTER TABLE `aud_cliente_certificado`
  ADD CONSTRAINT `FK_R14` FOREIGN KEY (`ID_CLIENTE`) REFERENCES `aud_cliente` (`ID_CLIENTE`),
  ADD CONSTRAINT `FK_R19` FOREIGN KEY (`ID_CERTIFICADO`) REFERENCES `aud_certificados` (`ID_CERTIFICADO`);

--
-- Filtros para la tabla `aud_cliente_empresa`
--
ALTER TABLE `aud_cliente_empresa`
  ADD CONSTRAINT `FK_R11` FOREIGN KEY (`ID_CLIENTE`) REFERENCES `aud_cliente` (`ID_CLIENTE`),
  ADD CONSTRAINT `FK_R12` FOREIGN KEY (`ID_EMPRESA`) REFERENCES `aud_empresa` (`ID_EMPRESA`);

--
-- Filtros para la tabla `aud_cliente_obligacion`
--
ALTER TABLE `aud_cliente_obligacion`
  ADD CONSTRAINT `FK_R13` FOREIGN KEY (`ID_CLIENTE`) REFERENCES `aud_cliente` (`ID_CLIENTE`),
  ADD CONSTRAINT `FK_R20` FOREIGN KEY (`ID_PERIODO`,`ID_OBLIGACION`) REFERENCES `aud_obligacion_tributaria` (`ID_PERIODO`, `ID_OBLIGACION`);

--
-- Filtros para la tabla `aud_direccion`
--
ALTER TABLE `aud_direccion`
  ADD CONSTRAINT `FK_R3` FOREIGN KEY (`ID_CLIENTE`) REFERENCES `aud_cliente` (`ID_CLIENTE`);

--
-- Filtros para la tabla `aud_obligacion_tributaria`
--
ALTER TABLE `aud_obligacion_tributaria`
  ADD CONSTRAINT `FK_R6` FOREIGN KEY (`ID_PERIODO`) REFERENCES `aud_periodo` (`ID_PERIODO`);

--
-- Filtros para la tabla `aud_telefono`
--
ALTER TABLE `aud_telefono`
  ADD CONSTRAINT `FK_R5` FOREIGN KEY (`ID_CLIENTE`) REFERENCES `aud_cliente` (`ID_CLIENTE`);
COMMIT;

/*!40101 SET CHARACTER_SET_CLIENT=@OLD_CHARACTER_SET_CLIENT */;
/*!40101 SET CHARACTER_SET_RESULTS=@OLD_CHARACTER_SET_RESULTS */;
/*!40101 SET COLLATION_CONNECTION=@OLD_COLLATION_CONNECTION */;
